name,distribution,totalTime,avgTimePerHash,avgDeviationFromPerfectPercentage,probeCount
standard,"50 50",3905.1084518433,0.011157452719552,0.152,3
accurate,"50 50",8439.6295547485,0.024113227299282,0.027000000000001,5
"crc32, md4","50 50",3078.8445472717,0.0087966987064907,0.155,2
"crc32, md5","50 50",3061.6960525513,0.0087477030072893,0.040999999999997,2
"crc32, sha1","50 50",3164.1232967377,0.0090403522763933,0.00099999999999767,2
"crc32, sha256","50 50",4933.3131313324,0.014095180375235,0.13399999999999,2
"crc32, sha3-224","50 50",3897.8435993195,0.011136695998056,0.0089999999999932,2
"crc32, sha512","50 50",5572.1549987793,0.015920442853655,0.225,2
"md4, md5","50 50",3372.9021549225,0.0096368632997785,0.126,2
"md4, sha1","50 50",3777.3973941803,0.010792563983372,0.104,2
"md4, sha256","50 50",5201.7867565155,0.014862247875759,0.203,2
"md4, sha3-224","50 50",4201.7300128937,0.012004942893982,0.090999999999994,2
"md4, sha512","50 50",5938.3091926575,0.016966597693307,0.155,2
"md5, sha1","50 50",3538.1045341492,0.010108870097569,0.167,2
"md5, sha256","50 50",5315.1950836182,0.01518627166748,0.040999999999997,2
"md5, sha3-224","50 50",4385.9362602234,0.012531246457781,0.194,2
"md5, sha512","50 50",6030.0450325012,0.017228700092861,0.062999999999995,2
"sha1, sha256","50 50",5299.8473644257,0.015142421041216,0.030000000000001,2
"sha1, sha3-224","50 50",4401.4918804169,0.012575691086905,0.024000000000001,2
"sha1, sha512","50 50",6067.0683383942,0.01733448096684,0.139,2
"sha256, sha3-224","50 50",6129.0411949158,0.017511546271188,0.099999999999994,2
"sha256, sha512","50 50",7760.4200839996,0.022172628811428,0.051000000000002,2
"sha3-224, sha512","50 50",6880.2466392517,0.019657847540719,0.21100000000001,2
"crc32, md4, md5","50 50",4520.4741954803,0.012915640558515,0.116,3
"crc32, md4, sha1","50 50",4458.0862522125,0.012737389292036,0.13300000000001,3
"crc32, md4, sha256","50 50",6396.3041305542,0.018275154658726,0.032999999999994,3
"crc32, md4, sha3-224","50 50",5264.1258239746,0.01504035949707,0.124,3
"crc32, md4, sha512","50 50",6991.0087585449,0.0199743107387,0.032999999999994,3
"crc32, md5, sha1","50 50",4616.5196895599,0.013190056255886,0.055000000000007,3
"crc32, md5, sha256","50 50",6577.5916576385,0.018793119021824,0.128,3
"crc32, md5, sha3-224","50 50",5448.4276771545,0.015566936220442,0.25900000000001,3
"crc32, md5, sha512","50 50",7334.6512317657,0.020956146376474,0.193,3
"crc32, sha1, sha256","50 50",6500.8952617645,0.018573986462184,0.015999999999998,3
"crc32, sha1, sha3-224","50 50",5506.9379806519,0.015734108516148,0.143,3
"crc32, sha1, sha512","50 50",7177.6950359344,0.02050770010267,0.246,3
"crc32, sha256, sha3-224","50 50",7212.2163772583,0.020606332506452,0.086999999999996,3
"crc32, sha256, sha512","50 50",8818.8126087189,0.025196607453482,0.32600000000001,3
"crc32, sha3-224, sha512","50 50",7936.9122982025,0.022676892280579,0.018000000000001,3
"md4, md5, sha1","50 50",4986.6831302643,0.014247666086469,0.046999999999997,3
"md4, md5, sha256","50 50",6712.4905586243,0.019178544453212,0.105,3
"md4, md5, sha3-224","50 50",6069.1528320312,0.017340436662946,0.016999999999996,3
"md4, md5, sha512","50 50",7501.3871192932,0.021432534626552,0.052,3
"md4, sha1, sha256","50 50",6714.3604755402,0.019183887072972,0.143,3
"md4, sha1, sha3-224","50 50",5876.476764679,0.016789933613368,0.23100000000001,3
"md4, sha1, sha512","50 50",7536.6687774658,0.021533339364188,0.227,3
"md4, sha256, sha3-224","50 50",7521.3046073914,0.021489441735404,0.121,3
"md4, sha256, sha512","50 50",9248.0001449585,0.026422857557024,0.087999999999994,3
"md4, sha3-224, sha512","50 50",8365.7281398773,0.023902080399649,0.128,3
"md5, sha1, sha256","50 50",6845.61419487,0.019558897699629,0.086000000000006,3
"md5, sha1, sha3-224","50 50",5962.436914444,0.017035534041268,0.18800000000001,3
"md5, sha1, sha512","50 50",7670.3209877014,0.021915202822004,0.05599999999999,3
"md5, sha256, sha3-224","50 50",7681.1678409576,0.021946193831308,0.141,3
"md5, sha256, sha512","50 50",9410.9432697296,0.026888409342085,0.042999999999999,3
"md5, sha3-224, sha512","50 50",8433.9020252228,0.024096862929208,0.032999999999994,3
"sha1, sha256, sha3-224","50 50",7701.6310691833,0.022004660197667,0.116,3
"sha1, sha256, sha512","50 50",9722.0656871796,0.027777330534799,0.16099999999999,3
"sha1, sha3-224, sha512","50 50",8379.6298503876,0.023941799572536,0.085000000000008,3
"sha256, sha3-224, sha512","50 50",10126.799821854,0.028933713776725,0.034000000000006,3
"crc32, md4, md5, sha1","50 50",6071.2902545929,0.017346543584551,0.069000000000003,4
"crc32, md4, md5, sha256","50 50",7921.0023880005,0.022631435394287,0.036999999999992,4
"crc32, md4, md5, sha3-224","50 50",7021.5182304382,0.020061480658395,0.079000000000001,4
"crc32, md4, md5, sha512","50 50",8512.0687484741,0.024320196424212,0.024999999999999,4
"crc32, md4, sha1, sha256","50 50",7743.7791824341,0.022125083378383,0.031000000000006,4
"crc32, md4, sha1, sha3-224","50 50",6757.0929527283,0.019305979864938,0.066999999999993,4
"crc32, md4, sha1, sha512","50 50",8462.2144699097,0.024177755628313,0.010000000000005,4
"crc32, md4, sha256, sha3-224","50 50",8537.4042987823,0.024392583710807,0.024999999999999,4
"crc32, md4, sha256, sha512","50 50",10226.183891296,0.029217668260847,0.15300000000001,4
"crc32, md4, sha3-224, sha512","50 50",9338.6170864105,0.02668176310403,0.121,4
"crc32, md5, sha1, sha256","50 50",8088.7467861176,0.023110705103193,0.141,4
"crc32, md5, sha1, sha3-224","50 50",7014.7893428802,0.020042255265372,0.191,4
"crc32, md5, sha1, sha512","50 50",8675.5270957947,0.024787220273699,0.224,4
"crc32, md5, sha256, sha3-224","50 50",8721.1852073669,0.024917672021048,0.191,4
"crc32, md5, sha256, sha512","50 50",10350.043296814,0.029571552276611,0.41,4
"crc32, md5, sha3-224, sha512","50 50",9499.5839595795,0.027141668455941,0.123,4
"crc32, sha1, sha256, sha3-224","50 50",8855.2312850952,0.025300660814558,0.075000000000003,4
"crc32, sha1, sha256, sha512","50 50",10355.182647705,0.0295862361363,0.198,4
"crc32, sha1, sha3-224, sha512","50 50",9513.2431983948,0.027180694852556,0.081000000000003,4
"crc32, sha256, sha3-224, sha512","50 50",11158.776044846,0.031882217270987,0.13700000000001,4
"md4, md5, sha1, sha256","50 50",8241.9281005859,0.023548366001674,0.0080000000000027,4
"md4, md5, sha1, sha3-224","50 50",7357.1045398712,0.021020298685346,0.117,4
"md4, md5, sha1, sha512","50 50",9000.6814002991,0.025716232572283,0.0040000000000049,4
"md4, md5, sha256, sha3-224","50 50",9081.1448097229,0.02594612802778,0.015999999999998,4
"md4, md5, sha256, sha512","50 50",10726.170301437,0.03064620086125,0.026000000000003,4
"md4, md5, sha3-224, sha512","50 50",9914.6738052368,0.028327639443534,0.13200000000001,4
"md4, sha1, sha256, sha3-224","50 50",9198.982000351,0.026282805715288,0.20500000000001,4
"md4, sha1, sha256, sha512","50 50",10843.501091003,0.030981431688581,0.136,4
"md4, sha1, sha3-224, sha512","50 50",9770.0319290161,0.027914376940046,0.027999999999999,4
"md4, sha256, sha3-224, sha512","50 50",11488.495349884,0.03282427242824,0.067999999999998,4
"md5, sha1, sha256, sha3-224","50 50",9110.2530956268,0.026029294558934,0.212,4
"md5, sha1, sha256, sha512","50 50",10823.704719543,0.030924870627267,0.148,4
"md5, sha1, sha3-224, sha512","50 50",9899.1348743439,0.028283242498125,0.063999999999993,4
"md5, sha256, sha3-224, sha512","50 50",11761.395931244,0.033603988374983,0.099999999999994,4
"sha1, sha256, sha3-224, sha512","50 50",11781.294822693,0.033660842350551,0.032999999999994,4
standard,"25 75",3834.5420360565,0.010955834388733,3.195,3
accurate,"25 75",8512.7501487732,0.024322143282209,2.892,5
"crc32, md4","25 75",2982.3410511017,0.0085209744317191,3.085,2
"crc32, md5","25 75",3109.375,0.0088839285714286,3.005,2
"crc32, sha1","25 75",3150.1131057739,0.0090003231593541,3.14,2
"crc32, sha256","25 75",4954.2734622955,0.01415506703513,3.054,2
"crc32, sha3-224","25 75",3984.5206737518,0.011384344782148,3.046,2
"crc32, sha512","25 75",5653.8083553314,0.01615373815809,3.219,2
"md4, md5","25 75",3442.1420097351,0.009834691456386,9.123,2
"md4, sha1","25 75",3442.3940181732,0.0098354114804949,9.272,2
"md4, sha256","25 75",5254.9176216125,0.015014050347464,9.121,2
"md4, sha3-224","25 75",4272.0899581909,0.012205971309117,9.056,2
"md4, sha512","25 75",5946.4385509491,0.016989824431283,9.008,2
"md5, sha1","25 75",3644.6912288666,0.010413403511047,9.297,2
"md5, sha256","25 75",5345.4411029816,0.015272688865662,9.189,2
"md5, sha3-224","25 75",4396.9004154205,0.012562572615487,9.169,2
"md5, sha512","25 75",6079.3089866638,0.017369454247611,8.985,2
"sha1, sha256","25 75",5325.3316879272,0.015215233394078,9.221,2
"sha1, sha3-224","25 75",4407.0682525635,0.012591623578753,9.123,2
"sha1, sha512","25 75",6094.2130088806,0.01741203716823,9.199,2
"sha256, sha3-224","25 75",6178.0281066895,0.017651508876256,9.074,2
"sha256, sha512","25 75",7878.6561489105,0.022510446139744,9.137,2
"sha3-224, sha512","25 75",6967.2765731812,0.019906504494803,8.856,2
"crc32, md4, md5","25 75",4671.0913181305,0.013345975194659,3.362,3
"crc32, md4, sha1","25 75",4650.6159305573,0.013287474087306,3.521,3
"crc32, md4, sha256","25 75",6323.0490684509,0.018065854481288,3.39,3
"crc32, md4, sha3-224","25 75",5433.1719875336,0.01552334853581,3.45,3
"crc32, md4, sha512","25 75",7245.8624839783,0.020702464239938,3.369,3
"crc32, md5, sha1","25 75",4696.9208717346,0.013419773919242,3.528,3
"crc32, md5, sha256","25 75",6443.8774585724,0.018411078453064,3.323,3
"crc32, md5, sha3-224","25 75",5485.7757091522,0.015673644883292,3.346,3
"crc32, md5, sha512","25 75",7264.5366191864,0.020755818911961,3.46,3
"crc32, sha1, sha256","25 75",6446.3789463043,0.018418225560869,3.423,3
"crc32, sha1, sha3-224","25 75",5531.7027568817,0.015804865019662,3.407,3
"crc32, sha1, sha512","25 75",7282.9020023346,0.020808291435242,3.569,3
"crc32, sha256, sha3-224","25 75",7215.5828475952,0.020615950993129,3.247,3
"crc32, sha256, sha512","25 75",9416.1279201508,0.026903222629002,3.447,3
"crc32, sha3-224, sha512","25 75",7925.7748126984,0.022645070893424,3.288,3
"md4, md5, sha1","25 75",4972.7187156677,0.014207767759051,6.278,3
"md4, md5, sha256","25 75",6734.3385219574,0.019240967205593,6.167,3
"md4, md5, sha3-224","25 75",5820.2283382416,0.016629223823547,6.257,3
"md4, md5, sha512","25 75",7537.7378463745,0.021536393846784,6.019,3
"md4, sha1, sha256","25 75",6738.734960556,0.019253528458732,6.309,3
"md4, sha1, sha3-224","25 75",5915.5218601227,0.016901491028922,6.186,3
"md4, sha1, sha512","25 75",7473.240852356,0.021352116721017,6.285,3
"md4, sha256, sha3-224","25 75",7535.313129425,0.021529466084072,6.111,3
"md4, sha256, sha512","25 75",9238.9237880707,0.026396925108773,6.169,3
"md4, sha3-224, sha512","25 75",8251.1959075928,0.023574845450265,5.926,3
"md5, sha1, sha256","25 75",6906.6042900085,0.01973315511431,6.344,3
"md5, sha1, sha3-224","25 75",5995.4886436462,0.017129967553275,6.253,3
"md5, sha1, sha512","25 75",7618.7281608582,0.021767794745309,6.231,3
"md5, sha256, sha3-224","25 75",7662.7695560455,0.021893627302987,6.218,3
"md5, sha256, sha512","25 75",9431.0402870178,0.026945829391479,6.143,3
"md5, sha3-224, sha512","25 75",8409.3627929688,0.024026750837054,6.019,3
"sha1, sha256, sha3-224","25 75",7730.623960495,0.022087497029986,6.241,3
"sha1, sha256, sha512","25 75",9430.2880764008,0.026943680218288,6.223,3
"sha1, sha3-224, sha512","25 75",8443.6619281769,0.02412474836622,6.05,3
"sha256, sha3-224, sha512","25 75",10038.386106491,0.028681103161403,6.041,3
"crc32, md4, md5, sha1","25 75",6083.9912891388,0.017382832254682,3.235,4
"crc32, md4, md5, sha256","25 75",7828.8760185242,0.022368217195783,3.094,4
"crc32, md4, md5, sha3-224","25 75",6914.8347377777,0.019756670679365,3.213,4
"crc32, md4, md5, sha512","25 75",8576.0033130646,0.024502866608756,3.06,4
"crc32, md4, sha1, sha256","25 75",7811.1395835876,0.022317541667393,3.215,4
"crc32, md4, sha1, sha3-224","25 75",6898.9341259003,0.019711240359715,3.217,4
"crc32, md4, sha1, sha512","25 75",8434.476852417,0.02409850529262,3.269,4
"crc32, md4, sha256, sha3-224","25 75",9104.2251586914,0.026012071881975,3.123,4
"crc32, md4, sha256, sha512","25 75",10540.657997131,0.03011616570609,3.096,4
"crc32, md4, sha3-224, sha512","25 75",9445.6150531769,0.026987471580505,3.029,4
"crc32, md5, sha1, sha256","25 75",7978.9049625397,0.022796871321542,3.225,4
"crc32, md5, sha1, sha3-224","25 75",7070.5373287201,0.020201535224915,3.193,4
"crc32, md5, sha1, sha512","25 75",8680.5057525635,0.024801445007324,3.325,4
"crc32, md5, sha256, sha3-224","25 75",8780.2503108978,0.025086429459708,3.086,4
"crc32, md5, sha256, sha512","25 75",10198.1112957,0.029137460844857,3.095,4
"crc32, md5, sha3-224, sha512","25 75",9299.6985912323,0.026570567403521,3.039,4
"crc32, sha1, sha256, sha3-224","25 75",8828.4184932709,0.025224052837917,3.133,4
"crc32, sha1, sha256, sha512","25 75",10246.491909027,0.029275691168649,3.243,4
"crc32, sha1, sha3-224, sha512","25 75",9348.3655452728,0.026709615843637,3.117,4
"crc32, sha256, sha3-224, sha512","25 75",11610.193729401,0.033171982084002,2.915,4
"md4, md5, sha1, sha256","25 75",8081.7959308624,0.02309084551675,4.739,4
"md4, md5, sha1, sha3-224","25 75",7453.3696174622,0.021295341764178,4.728,4
"md4, md5, sha1, sha512","25 75",8869.9953556061,0.02534284387316,4.667,4
"md4, md5, sha256, sha3-224","25 75",8918.2903766632,0.025480829647609,4.676,4
"md4, md5, sha256, sha512","25 75",10748.930692673,0.030711230550494,4.598,4
"md4, md5, sha3-224, sha512","25 75",9691.7767524719,0.027690790721348,4.512,4
"md4, sha1, sha256, sha3-224","25 75",8871.8323707581,0.02534809248788,4.651,4
"md4, sha1, sha256, sha512","25 75",10530.183076859,0.030086237362453,4.767,4
"md4, sha1, sha3-224, sha512","25 75",9691.5094852448,0.027690027100699,4.576,4
"md4, sha256, sha3-224, sha512","25 75",11383.540391922,0.032524401119777,4.473,4
"md5, sha1, sha256, sha3-224","25 75",9173.7267971039,0.026210647991725,4.734,4
"md5, sha1, sha256, sha512","25 75",10752.135515213,0.030720387186323,4.673,4
"md5, sha1, sha3-224, sha512","25 75",10022.391557693,0.028635404450553,4.58,4
"md5, sha256, sha3-224, sha512","25 75",11476.41992569,0.032789771216256,4.583,4
"sha1, sha256, sha3-224, sha512","25 75",11699.327945709,0.033426651273455,4.595,4
standard,"20 30 50",5431.2610626221,0.015517888750349,2.624,3
accurate,"20 30 50",12161.974906921,0.034748499734061,1.525,5
"crc32, md4","20 30 50",4226.8490791321,0.012076711654663,6.66,2
"crc32, md5","20 30 50",4376.0657310486,0.012503044945853,6.815,2
"crc32, sha1","20 30 50",4374.5081424713,0.012498594692775,7.075,2
"crc32, sha256","20 30 50",7099.494934082,0.020284271240234,6.942,2
"crc32, sha3-224","20 30 50",5686.0666275024,0.016245904650007,7.044,2
"crc32, sha512","20 30 50",8016.419172287,0.022904054777963,7.237,2
"md4, md5","20 30 50",4895.2548503876,0.013986442429679,7.278,2
"md4, sha1","20 30 50",4931.5049648285,0.014090014185224,7.264,2
"md4, sha256","20 30 50",7650.0005722046,0.021857144492013,7.173,2
"md4, sha3-224","20 30 50",6128.4549236298,0.017509871210371,7.13,2
"md4, sha512","20 30 50",9226.2010574341,0.026360574449812,7.448,2
"md5, sha1","20 30 50",5187.9529953003,0.014822722843715,6.74,2
"md5, sha256","20 30 50",7681.0126304626,0.02194575037275,7.022,2
"md5, sha3-224","20 30 50",6314.3000602722,0.018040857315063,6.986,2
"md5, sha512","20 30 50",9216.0792350769,0.026331654957363,7.048,2
"sha1, sha256","20 30 50",7860.4257106781,0.022458359173366,7.007,2
"sha1, sha3-224","20 30 50",6369.2722320557,0.018197920663016,6.896,2
"sha1, sha512","20 30 50",8708.0581188202,0.024880166053772,6.988,2
"sha256, sha3-224","20 30 50",8964.1315937042,0.025611804553441,6.831,2
"sha256, sha512","20 30 50",11154.767990112,0.031870765686035,7.002,2
"sha3-224, sha512","20 30 50",10075.53601265,0.028787245750427,7.071,2
"crc32, md4, md5","20 30 50",6404.3939113617,0.018298268318176,2.687,3
"crc32, md4, sha1","20 30 50",6506.1600208282,0.018589028630938,2.819,3
"crc32, md4, sha256","20 30 50",9053.3866882324,0.025866819109235,2.89,3
"crc32, md4, sha3-224","20 30 50",7628.1020641327,0.021794577326093,2.686,3
"crc32, md4, sha512","20 30 50",10140.801668167,0.028973719051906,2.816,3
"crc32, md5, sha1","20 30 50",6690.5698776245,0.01911591393607,2.65,3
"crc32, md5, sha256","20 30 50",9243.2560920715,0.026409303120204,2.665,3
"crc32, md5, sha3-224","20 30 50",7885.5466842651,0.022530133383615,2.74,3
"crc32, md5, sha512","20 30 50",10293.356895447,0.029409591129848,2.669,3
"crc32, sha1, sha256","20 30 50",9403.4113883972,0.026866889681135,2.694,3
"crc32, sha1, sha3-224","20 30 50",7889.7662162781,0.022542189189366,2.759,3
"crc32, sha1, sha512","20 30 50",10293.833255768,0.029410952159337,2.879,3
"crc32, sha256, sha3-224","20 30 50",10413.112401962,0.029751749719892,2.706,3
"crc32, sha256, sha512","20 30 50",13011.42334938,0.037175495283944,2.878,3
"crc32, sha3-224, sha512","20 30 50",11665.926218033,0.033331217765808,2.791,3
"md4, md5, sha1","20 30 50",7463.6137485504,0.021324610710144,4.279,3
"md4, md5, sha256","20 30 50",9752.2909641266,0.027863688468933,4.502,3
"md4, md5, sha3-224","20 30 50",8683.4104061127,0.024809744017465,4.454,3
"md4, md5, sha512","20 30 50",11068.472146988,0.031624206134251,4.617,3
"md4, sha1, sha256","20 30 50",9910.8908176422,0.028316830907549,4.443,3
"md4, sha1, sha3-224","20 30 50",8455.9404850006,0.024159829957145,4.364,3
"md4, sha1, sha512","20 30 50",10907.123327255,0.031163209506444,4.641,3
"md4, sha256, sha3-224","20 30 50",10980.417251587,0.03137262071882,4.469,3
"md4, sha256, sha512","20 30 50",13414.879083633,0.038328225953238,4.695,3
"md4, sha3-224, sha512","20 30 50",12082.576751709,0.034521647862026,4.537,3
"md5, sha1, sha256","20 30 50",9957.29804039,0.028449422972543,4.088,3
"md5, sha1, sha3-224","20 30 50",8785.5091094971,0.025101454598563,4.096,3
"md5, sha1, sha512","20 30 50",10933.934211731,0.031239812033517,3.96,3
"md5, sha256, sha3-224","20 30 50",11115.911722183,0.031759747777666,4.068,3
"md5, sha256, sha512","20 30 50",13550.279855728,0.03871508530208,4.185,3
"md5, sha3-224, sha512","20 30 50",12027.805089951,0.034365157399859,4.179,3
"sha1, sha256, sha3-224","20 30 50",10989.308595657,0.031398024559021,4.084,3
"sha1, sha256, sha512","20 30 50",13482.419967651,0.038521199907575,4.362,3
"sha1, sha3-224, sha512","20 30 50",12165.25387764,0.034757868221828,4.31,3
"sha256, sha3-224, sha512","20 30 50",14596.536397934,0.041704389708383,4.377,3
"crc32, md4, md5, sha1","20 30 50",8581.6242694855,0.024518926484244,1.964,4
"crc32, md4, md5, sha256","20 30 50",11222.087621689,0.03206310749054,2.04,4
"crc32, md4, md5, sha3-224","20 30 50",10089.773178101,0.028827923366002,2.094,4
"crc32, md4, md5, sha512","20 30 50",12641.012191772,0.036117177690778,2.061,4
"crc32, md4, sha1, sha256","20 30 50",11256.038188934,0.032160109111241,2.203,4
"crc32, md4, sha1, sha3-224","20 30 50",9810.2250099182,0.028029214314052,2.055,4
"crc32, md4, sha1, sha512","20 30 50",12171.638965607,0.034776111330305,2.087,4
"crc32, md4, sha256, sha3-224","20 30 50",12268.070697784,0.035051630565098,2.141,4
"crc32, md4, sha256, sha512","20 30 50",15009.650230408,0.042884714944022,2.316,4
"crc32, md4, sha3-224, sha512","20 30 50",13584.787130356,0.038813677515302,1.982,4
"crc32, md5, sha1, sha256","20 30 50",11372.033119202,0.032491523197719,1.661,4
"crc32, md5, sha1, sha3-224","20 30 50",9935.5909824371,0.028387402806963,1.85,4
"crc32, md5, sha1, sha512","20 30 50",12394.701004028,0.035413431440081,1.621,4
"crc32, md5, sha256, sha3-224","20 30 50",12521.152973175,0.0357747227805,1.722,4
"crc32, md5, sha256, sha512","20 30 50",14890.066623688,0.042543047496251,1.769,4
"crc32, md5, sha3-224, sha512","20 30 50",13663.215875626,0.039037759644645,1.685,4
"crc32, sha1, sha256, sha3-224","20 30 50",12688.334226608,0.036252383504595,1.694,4
"crc32, sha1, sha256, sha512","20 30 50",14992.507219315,0.042835734912327,1.838,4
"crc32, sha1, sha3-224, sha512","20 30 50",13694.912195206,0.039128320557731,1.791,4
"crc32, sha256, sha3-224, sha512","20 30 50",16274.718284607,0.046499195098877,1.787,4
"md4, md5, sha1, sha256","20 30 50",12163.095235825,0.034751700673785,2.947,4
"md4, md5, sha1, sha3-224","20 30 50",10467.653989792,0.029907582827977,3.007,4
"md4, md5, sha1, sha512","20 30 50",12866.172552109,0.036760493006025,3.056,4
"md4, md5, sha256, sha3-224","20 30 50",13025.958061218,0.037217023032052,3.134,4
"md4, md5, sha256, sha512","20 30 50",15428.92408371,0.044082640239171,3.145,4
"md4, md5, sha3-224, sha512","20 30 50",14099.575281143,0.040284500803266,3.123,4
"md4, sha1, sha256, sha3-224","20 30 50",13123.559951782,0.037495885576521,3.088,4
"md4, sha1, sha256, sha512","20 30 50",15782.581090927,0.04509308883122,3.423,4
"md4, sha1, sha3-224, sha512","20 30 50",14041.210651398,0.040117744718279,3.271,4
"md4, sha256, sha3-224, sha512","20 30 50",17083.765983582,0.04881075995309,3.313,4
"md5, sha1, sha256, sha3-224","20 30 50",13172.342300415,0.037635263715472,2.687,4
"md5, sha1, sha256, sha512","20 30 50",15581.318855286,0.044518053872245,2.772,4
"md5, sha1, sha3-224, sha512","20 30 50",14218.49322319,0.040624266351972,2.831,4
"md5, sha256, sha3-224, sha512","20 30 50",16813.712120056,0.048039177485875,2.843,4
"sha1, sha256, sha3-224, sha512","20 30 50",17027.695178986,0.048650557654245,3.132,4
standard,"33 33 34",5399.9552726746,0.015428443636213,2.305,3
accurate,"33 33 34",12260.169267654,0.035029055050441,0.271,5
"crc32, md4","33 33 34",4245.0368404388,0.012128676686968,8.389,2
"crc32, md5","33 33 34",4383.7606906891,0.012525030544826,8.502,2
"crc32, sha1","33 33 34",4405.7536125183,0.012587867464338,8.683,2
"crc32, sha256","33 33 34",7111.8619441986,0.020319605554853,8.698,2
"crc32, sha3-224","33 33 34",5640.9680843353,0.01611705166953,8.801,2
"crc32, sha512","33 33 34",8057.9748153687,0.023022785186768,8.78,2
"md4, md5","33 33 34",4845.903635025,0.013845438957214,0.399,2
"md4, sha1","33 33 34",4845.4036712646,0.013844010489328,0.47,2
"md4, sha256","33 33 34",7487.0452880859,0.02139155796596,0.446,2
"md4, sha3-224","33 33 34",6091.7353630066,0.017404958180019,0.088999999999999,2
"md4, sha512","33 33 34",8878.1046867371,0.025366013390677,0.33799999999999,2
"md5, sha1","33 33 34",5526.8054008484,0.015790872573853,0.13500000000001,2
"md5, sha256","33 33 34",7689.2778873444,0.021969365392412,0.13800000000001,2
"md5, sha3-224","33 33 34",6299.0050315857,0.017997157233102,0.17700000000001,2
"md5, sha512","33 33 34",8789.0441417694,0.02511155469077,0.128,2
"sha1, sha256","33 33 34",7780.656337738,0.022230446679252,0.25700000000001,2
"sha1, sha3-224","33 33 34",6304.5492172241,0.018012997763497,0.20099999999999,2
"sha1, sha512","33 33 34",8699.3789672852,0.024855368477958,0.178,2
"sha256, sha3-224","33 33 34",9085.9661102295,0.025959903172084,0.262,2
"sha256, sha512","33 33 34",11411.257743835,0.032603593553816,0.188,2
"sha3-224, sha512","33 33 34",9949.6009349823,0.028427431242807,0.14199999999999,2
"crc32, md4, md5","33 33 34",6425.5721569061,0.01835877759116,2.313,3
"crc32, md4, sha1","33 33 34",6486.8049621582,0.018533728463309,2.203,3
"crc32, md4, sha256","33 33 34",8983.6928844452,0.025667693955558,2.384,3
"crc32, md4, sha3-224","33 33 34",7774.6200561523,0.022213200160435,2.372,3
"crc32, md4, sha512","33 33 34",10394.976615906,0.029699933188302,2.419,3
"crc32, md5, sha1","33 33 34",6748.7947940826,0.019282270840236,2.399,3
"crc32, md5, sha256","33 33 34",9324.9261379242,0.026642646108355,2.619,3
"crc32, md5, sha3-224","33 33 34",7904.1373729706,0.022583249637059,2.535,3
"crc32, md5, sha512","33 33 34",10347.427845001,0.029564079557146,2.501,3
"crc32, sha1, sha256","33 33 34",9328.3679485321,0.026652479852949,2.378,3
"crc32, sha1, sha3-224","33 33 34",7925.7798194885,0.022645085198539,2.616,3
"crc32, sha1, sha512","33 33 34",10333.61697197,0.029524619919913,2.648,3
"crc32, sha256, sha3-224","33 33 34",10494.928598404,0.029985510281154,2.656,3
"crc32, sha256, sha512","33 33 34",12904.031991959,0.036868662834167,2.702,3
"crc32, sha3-224, sha512","33 33 34",11528.384685516,0.032938241958618,2.671,3
"md4, md5, sha1","33 33 34",7432.356595993,0.02123530455998,0.099999999999994,3
"md4, md5, sha256","33 33 34",9882.8496932983,0.028236713409424,0.188,3
"md4, md5, sha3-224","33 33 34",8313.3130073547,0.023752322878156,0.088000000000001,3
"md4, md5, sha512","33 33 34",10981.022596359,0.031374350275312,0.203,3
"md4, sha1, sha256","33 33 34",9589.5500183105,0.02739871433803,0.23,3
"md4, sha1, sha3-224","33 33 34",8276.9019603729,0.023648291315351,0.16200000000001,3
"md4, sha1, sha512","33 33 34",10713.078737259,0.030608796392168,0.235,3
"md4, sha256, sha3-224","33 33 34",10856.225728989,0.03101778779711,0.239,3
"md4, sha256, sha512","33 33 34",13315.647125244,0.038044706072126,0.18099999999999,3
"md4, sha3-224, sha512","33 33 34",11931.569099426,0.034090197426932,0.094000000000008,3
"md5, sha1, sha256","33 33 34",10002.39610672,0.028578274590628,0.048999999999992,3
"md5, sha1, sha3-224","33 33 34",8596.0021018982,0.024560006005423,0.16099999999999,3
"md5, sha1, sha512","33 33 34",11152.575969696,0.03186450277056,0.108,3
"md5, sha256, sha3-224","33 33 34",11368.855237961,0.032482443537031,0.271,3
"md5, sha256, sha512","33 33 34",13700.216054916,0.039143474442618,0.082999999999998,3
"md5, sha3-224, sha512","33 33 34",11984.620332718,0.034241772379194,0.081999999999994,3
"sha1, sha256, sha3-224","33 33 34",11024.150848389,0.031497573852539,0.26900000000001,3
"sha1, sha256, sha512","33 33 34",13450.549840927,0.038430142402649,0.28,3
"sha1, sha3-224, sha512","33 33 34",12036.164999008,0.034389042854309,0.097999999999999,3
"sha256, sha3-224, sha512","33 33 34",14566.930770874,0.041619802202497,0.124,3
"crc32, md4, md5, sha1","33 33 34",8650.78997612,0.024716542788914,0.584,4
"crc32, md4, md5, sha256","33 33 34",11231.710910797,0.032090602602277,0.913,4
"crc32, md4, md5, sha3-224","33 33 34",10016.030073166,0.028617228780474,0.756,4
"crc32, md4, md5, sha512","33 33 34",12232.42020607,0.034949772017343,0.746,4
"crc32, md4, sha1, sha256","33 33 34",11586.610555649,0.033104601587568,0.586,4
"crc32, md4, sha1, sha3-224","33 33 34",9812.8528594971,0.028036722455706,0.665,4
"crc32, md4, sha1, sha512","33 33 34",12218.65105629,0.034910431589399,0.69199999999999,4
"crc32, md4, sha256, sha3-224","33 33 34",12262.686252594,0.035036246435983,0.738,4
"crc32, md4, sha256, sha512","33 33 34",14692.669630051,0.041979056085859,0.839,4
"crc32, md4, sha3-224, sha512","33 33 34",13368.571519852,0.038195918628148,0.815,4
"crc32, md5, sha1, sha256","33 33 34",11654.493093491,0.033298551695687,0.718,4
"crc32, md5, sha1, sha3-224","33 33 34",9950.585603714,0.02843024458204,0.745,4
"crc32, md5, sha1, sha512","33 33 34",12446.163654327,0.035560467583793,0.819,4
"crc32, md5, sha256, sha3-224","33 33 34",12528.745889664,0.035796416827611,1.037,4
"crc32, md5, sha256, sha512","33 33 34",15259.118556976,0.043597481591361,1.105,4
"crc32, md5, sha3-224, sha512","33 33 34",13971.036195755,0.039917246273586,0.91400000000001,4
"crc32, sha1, sha256, sha3-224","33 33 34",12555.638074875,0.0358732516425,0.912,4
"crc32, sha1, sha256, sha512","33 33 34",14916.723012924,0.042619208608355,0.909,4
"crc32, sha1, sha3-224, sha512","33 33 34",13624.040842056,0.038925830977304,0.88200000000001,4
"crc32, sha256, sha3-224, sha512","33 33 34",16203.529119492,0.046295797484262,1.149,4
"md4, md5, sha1, sha256","33 33 34",11902.082920074,0.034005951200213,0.067,4
"md4, md5, sha1, sha3-224","33 33 34",10688.695192337,0.030539129120963,0.061999999999998,4
"md4, md5, sha1, sha512","33 33 34",12948.461055756,0.036995603016445,0.174,4
"md4, md5, sha256, sha3-224","33 33 34",13125.455379486,0.037501301084246,0.199,4
"md4, md5, sha256, sha512","33 33 34",15463.013648987,0.044180038997105,0.178,4
"md4, md5, sha3-224, sha512","33 33 34",14106.924057007,0.040305497305734,0.076999999999998,4
"md4, sha1, sha256, sha3-224","33 33 34",13208.812475204,0.03773946421487,0.094000000000001,4
"md4, sha1, sha256, sha512","33 33 34",15843.309879303,0.045266599655151,0.227,4
"md4, sha1, sha3-224, sha512","33 33 34",14190.421819687,0.040544062341963,0.139,4
"md4, sha256, sha3-224, sha512","33 33 34",16819.177150726,0.048054791859218,0.038999999999994,4
"md5, sha1, sha256, sha3-224","33 33 34",13233.430862427,0.037809802464076,0.225,4
"md5, sha1, sha256, sha512","33 33 34",15786.561012268,0.045104460035052,0.091000000000001,4
"md5, sha1, sha3-224, sha512","33 33 34",14367.707252502,0.041050592150007,0.108,4
"md5, sha256, sha3-224, sha512","33 33 34",16907.518863678,0.048307196753366,0.221,4
"sha1, sha256, sha3-224, sha512","33 33 34",16880.949258804,0.048231283596584,0.23099999999999,4
standard,"15 15 25 45",7178.6148548126,0.020510328156607,1.107,3
accurate,"15 15 25 45",16688.290834427,0.047680830955505,1.092,5
"crc32, md4","15 15 25 45",5552.1812438965,0.015863374982561,21.208,2
"crc32, md5","15 15 25 45",5504.495382309,0.01572712966374,21.369,2
"crc32, sha1","15 15 25 45",5547.0840930939,0.015848811694554,21.668,2
"crc32, sha256","15 15 25 45",9060.405254364,0.025886872155326,20.998,2
"crc32, sha3-224","15 15 25 45",7326.9040584564,0.02093401159559,21.289,2
"crc32, sha512","15 15 25 45",10721.110105515,0.030631743158613,21.392,2
"md4, md5","15 15 25 45",6292.6135063171,0.017978895732335,7.481,2
"md4, sha1","15 15 25 45",6159.3639850616,0.017598182814462,7.226,2
"md4, sha256","15 15 25 45",9622.551202774,0.027493003436497,7.239,2
"md4, sha3-224","15 15 25 45",7752.6414394379,0.02215040411268,7.242,2
"md4, sha512","15 15 25 45",10801.639556885,0.030861827305385,7.383,2
"md5, sha1","15 15 25 45",6366.6861057281,0.018190531730652,7.54,2
"md5, sha256","15 15 25 45",9785.6404781342,0.027958972794669,6.86,2
"md5, sha3-224","15 15 25 45",8118.4165477753,0.023195475850786,7.332,2
"md5, sha512","15 15 25 45",11283.151388168,0.032237575394767,7.207,2
"sha1, sha256","15 15 25 45",10053.508043289,0.028724308695112,6.722,2
"sha1, sha3-224","15 15 25 45",7997.7059364319,0.022850588389805,7.328,2
"sha1, sha512","15 15 25 45",11281.740903854,0.032233545439584,7.047,2
"sha256, sha3-224","15 15 25 45",11340.759277344,0.032402169363839,7.038,2
"sha256, sha512","15 15 25 45",14644.149541855,0.041840427262442,6.847,2
"sha3-224, sha512","15 15 25 45",12723.808765411,0.036353739329747,7.022,2
"crc32, md4, md5","15 15 25 45",8188.0521774292,0.023394434792655,13.152,3
"crc32, md4, sha1","15 15 25 45",8227.9624938965,0.023508464268276,13.215,3
"crc32, md4, sha256","15 15 25 45",11489.728689194,0.032827796254839,12.754,3
"crc32, md4, sha3-224","15 15 25 45",9529.3691158295,0.02722676890237,13.079,3
"crc32, md4, sha512","15 15 25 45",12882.275104523,0.036806500298636,13.162,3
"crc32, md5, sha1","15 15 25 45",8704.0741443634,0.02486878326961,13.542,3
"crc32, md5, sha256","15 15 25 45",11953.290224075,0.034152257783072,13.138,3
"crc32, md5, sha3-224","15 15 25 45",9874.3109703064,0.028212317058018,13.279,3
"crc32, md5, sha512","15 15 25 45",13044.328212738,0.037269509179252,13.401,3
"crc32, sha1, sha256","15 15 25 45",11699.641227722,0.03342754636492,13.08,3
"crc32, sha1, sha3-224","15 15 25 45",9938.5139942169,0.028395754269191,13.307,3
"crc32, sha1, sha512","15 15 25 45",13144.809007645,0.037556597164699,13.349,3
"crc32, sha256, sha3-224","15 15 25 45",13551.396131516,0.038718274661473,13.038,3
"crc32, sha256, sha512","15 15 25 45",16344.689369202,0.046699112483433,12.868,3
"crc32, sha3-224, sha512","15 15 25 45",14865.503549576,0.042472867284502,13.177,3
"md4, md5, sha1","15 15 25 45",8907.9990386963,0.025451425824847,4.725,3
"md4, md5, sha256","15 15 25 45",12269.790887833,0.035056545393808,4.351,3
"md4, md5, sha3-224","15 15 25 45",10431.349039078,0.029803854397365,4.664,3
"md4, md5, sha512","15 15 25 45",13609.45224762,0.038884149278913,4.656,3
"md4, sha1, sha256","15 15 25 45",12189.204454422,0.034826298441206,4.236,3
"md4, sha1, sha3-224","15 15 25 45",10549.962997437,0.030142751421247,4.512,3
"md4, sha1, sha512","15 15 25 45",13615.582704544,0.038901664870126,4.38,3
"md4, sha256, sha3-224","15 15 25 45",13802.018165588,0.039434337615967,4.288,3
"md4, sha256, sha512","15 15 25 45",17135.64825058,0.048958995001657,4.42,3
"md4, sha3-224, sha512","15 15 25 45",15744.440793991,0.04498411655426,4.39,3
"md5, sha1, sha256","15 15 25 45",12564.896821976,0.035899705205645,4.223,3
"md5, sha1, sha3-224","15 15 25 45",10737.025737762,0.030677216393607,4.689,3
"md5, sha1, sha512","15 15 25 45",13898.794174194,0.039710840497698,4.388,3
"md5, sha256, sha3-224","15 15 25 45",14027.986764908,0.040079962185451,4.341,3
"md5, sha256, sha512","15 15 25 45",17564.105272293,0.050183157920837,4.193,3
"md5, sha3-224, sha512","15 15 25 45",15597.685337067,0.044564815248762,4.283,3
"sha1, sha256, sha3-224","15 15 25 45",14320.615291595,0.040916043690273,4.043,3
"sha1, sha256, sha512","15 15 25 45",17314.343452454,0.049469552721296,3.973,3
"sha1, sha3-224, sha512","15 15 25 45",15886.213779449,0.045389182226998,4.187,3
"sha256, sha3-224, sha512","15 15 25 45",18778.451919556,0.053652719770159,4.174,3
"crc32, md4, md5, sha1","15 15 25 45",10972.219228745,0.031349197796413,9.294,4
"crc32, md4, md5, sha256","15 15 25 45",14761.336565018,0.042175247328622,8.907,4
"crc32, md4, md5, sha3-224","15 15 25 45",12585.332155228,0.035958091872079,9.075,4
"crc32, md4, md5, sha512","15 15 25 45",15910.075426102,0.045457358360291,9.241,4
"crc32, md4, sha1, sha256","15 15 25 45",14380.525350571,0.041087215287345,8.841,4
"crc32, md4, sha1, sha3-224","15 15 25 45",12679.010152817,0.036225743293762,9.034,4
"crc32, md4, sha1, sha512","15 15 25 45",15616.055011749,0.044617300033569,9.114,4
"crc32, md4, sha256, sha3-224","15 15 25 45",15711.325645447,0.044889501844134,8.698,4
"crc32, md4, sha256, sha512","15 15 25 45",18986.790418625,0.054247972624643,8.738,4
"crc32, md4, sha3-224, sha512","15 15 25 45",17212.75305748,0.049179294449942,8.931,4
"crc32, md5, sha1, sha256","15 15 25 45",14598.63615036,0.041710389001029,9.279,4
"crc32, md5, sha1, sha3-224","15 15 25 45",13068.345785141,0.037338130814689,9.369,4
"crc32, md5, sha1, sha512","15 15 25 45",16213.672876358,0.046324779646737,9.387,4
"crc32, md5, sha256, sha3-224","15 15 25 45",16342.443466187,0.046692695617676,9.129,4
"crc32, md5, sha256, sha512","15 15 25 45",19464.465856552,0.055612759590149,9.1,4
"crc32, md5, sha3-224, sha512","15 15 25 45",17636.164903641,0.050389042581831,9.277,4
"crc32, sha1, sha256, sha3-224","15 15 25 45",16546.860218048,0.047276743480137,8.952,4
"crc32, sha1, sha256, sha512","15 15 25 45",19686.1140728,0.056246040207999,8.856,4
"crc32, sha1, sha3-224, sha512","15 15 25 45",17620.382547379,0.050343950135367,9.085,4
"crc32, sha256, sha3-224, sha512","15 15 25 45",20933.489561081,0.059809970174517,8.841,4
"md4, md5, sha1, sha256","15 15 25 45",15508.864879608,0.044311042513166,3.07,4
"md4, md5, sha1, sha3-224","15 15 25 45",13521.961688995,0.038634176254272,3.473,4
"md4, md5, sha1, sha512","15 15 25 45",16715.286254883,0.047757960728237,3.243,4
"md4, md5, sha256, sha3-224","15 15 25 45",16824.25737381,0.048069306782314,3.058,4
"md4, md5, sha256, sha512","15 15 25 45",20019.524097443,0.057198640278408,3.044,4
"md4, md5, sha3-224, sha512","15 15 25 45",18579.773426056,0.053085066931588,3.19,4
"md4, sha1, sha256, sha3-224","15 15 25 45",16679.622411728,0.047656064033508,2.764,4
"md4, sha1, sha256, sha512","15 15 25 45",19942.24524498,0.056977843557085,2.904,4
"md4, sha1, sha3-224, sha512","15 15 25 45",18088.406085968,0.051681160245623,2.93,4
"md4, sha256, sha3-224, sha512","15 15 25 45",21877.04706192,0.062505848748343,2.983,4
"md5, sha1, sha256, sha3-224","15 15 25 45",17287.304878235,0.0493922996521,3,4
"md5, sha1, sha256, sha512","15 15 25 45",20271.62694931,0.057918934140887,2.848,4
"md5, sha1, sha3-224, sha512","15 15 25 45",18292.083024979,0.052263094357082,3.041,4
"md5, sha256, sha3-224, sha512","15 15 25 45",21799.61681366,0.062284619467599,2.886,4
"sha1, sha256, sha3-224, sha512","15 15 25 45",21765.542268753,0.062187263625009,2.702,4
standard,"50 20 20 5 5",8294.3034172058,0.023698009763445,4.121,3
accurate,"50 20 20 5 5",19260.24889946,0.055029282569885,3.021,5
"crc32, md4","50 20 20 5 5",6365.7069206238,0.018187734058925,15.453,2
"crc32, md5","50 20 20 5 5",6725.9669303894,0.019217048372541,15.042,2
"crc32, sha1","50 20 20 5 5",6811.3853931427,0.019461101123265,15.103,2
"crc32, sha256","50 20 20 5 5",10975.117683411,0.031357479095459,15.204,2
"crc32, sha3-224","50 20 20 5 5",8639.564037323,0.024684468678066,15.19,2
"crc32, sha512","50 20 20 5 5",12688.153982162,0.036251868520464,15.378,2
"md4, md5","50 20 20 5 5",7605.1619052887,0.021729034015111,9.49,2
"md4, sha1","50 20 20 5 5",7487.6070022583,0.021393162863595,9.663,2
"md4, sha256","50 20 20 5 5",11943.574428558,0.03412449836731,9.619,2
"md4, sha3-224","50 20 20 5 5",9516.7269706726,0.027190648487636,9.789,2
"md4, sha512","50 20 20 5 5",14004.657506943,0.040013307162694,9.833,2
"md5, sha1","50 20 20 5 5",7852.7584075928,0.022436452593122,9.82,2
"md5, sha256","50 20 20 5 5",11980.393886566,0.03422969681876,9.635,2
"md5, sha3-224","50 20 20 5 5",9783.4577560425,0.027952736445836,9.635,2
"md5, sha512","50 20 20 5 5",13772.573947906,0.039350211279733,9.598,2
"sha1, sha256","50 20 20 5 5",12098.365783691,0.034566759381975,9.517,2
"sha1, sha3-224","50 20 20 5 5",9902.0953178406,0.028291700908116,9.517,2
"sha1, sha512","50 20 20 5 5",13706.321001053,0.039160917145865,9.46,2
"sha256, sha3-224","50 20 20 5 5",14395.219326019,0.041129198074341,9.453,2
"sha256, sha512","50 20 20 5 5",18315.580129623,0.052330228941781,9.494,2
"sha3-224, sha512","50 20 20 5 5",15840.780258179,0.045259372166225,9.707,2
"crc32, md4, md5","50 20 20 5 5",10037.827730179,0.028679507800511,8.937,3
"crc32, md4, sha1","50 20 20 5 5",10460.772037506,0.02988792010716,8.785,3
"crc32, md4, sha256","50 20 20 5 5",14444.724798203,0.041270642280579,9.031,3
"crc32, md4, sha3-224","50 20 20 5 5",12134.119033813,0.034668911525181,8.907,3
"crc32, md4, sha512","50 20 20 5 5",15833.039283752,0.045237255096436,9.089,3
"crc32, md5, sha1","50 20 20 5 5",10407.468318939,0.029735623768398,8.666,3
"crc32, md5, sha256","50 20 20 5 5",15318.689823151,0.043767685209002,8.931,3
"crc32, md5, sha3-224","50 20 20 5 5",12658.848047256,0.036168137277876,8.741,3
"crc32, md5, sha512","50 20 20 5 5",16515.784740448,0.04718795640128,8.92,3
"crc32, sha1, sha256","50 20 20 5 5",15012.791872025,0.042893691062927,8.667,3
"crc32, sha1, sha3-224","50 20 20 5 5",12486.255168915,0.035675014768328,8.729,3
"crc32, sha1, sha512","50 20 20 5 5",16318.513631821,0.046624324662345,8.856,3
"crc32, sha256, sha3-224","50 20 20 5 5",16835.763216019,0.048102180617196,8.925,3
"crc32, sha256, sha512","50 20 20 5 5",21262.501955032,0.060750005585807,8.979,3
"crc32, sha3-224, sha512","50 20 20 5 5",19452.722787857,0.055579207965306,9.016,3
"md4, md5, sha1","50 20 20 5 5",11423.388719559,0.032638253484453,6.072,3
"md4, md5, sha256","50 20 20 5 5",15479.536056519,0.044227245875767,6.186,3
"md4, md5, sha3-224","50 20 20 5 5",13140.260219574,0.037543600627354,6.385,3
"md4, md5, sha512","50 20 20 5 5",17100.281000137,0.048857945714678,6.277,3
"md4, sha1, sha256","50 20 20 5 5",15168.64991188,0.04333899974823,6.15,3
"md4, sha1, sha3-224","50 20 20 5 5",13405.53855896,0.038301538739886,6.073,3
"md4, sha1, sha512","50 20 20 5 5",17013.299703598,0.048609427724566,6.027,3
"md4, sha256, sha3-224","50 20 20 5 5",17169.224977493,0.049054928507124,6.184,3
"md4, sha256, sha512","50 20 20 5 5",21251.881361008,0.060719661031451,6.346,3
"md4, sha3-224, sha512","50 20 20 5 5",18881.234884262,0.053946385383606,6.332,3
"md5, sha1, sha256","50 20 20 5 5",15485.483646393,0.044244238989694,6.184,3
"md5, sha1, sha3-224","50 20 20 5 5",13310.566663742,0.038030190467834,6.127,3
"md5, sha1, sha512","50 20 20 5 5",17815.810203552,0.050902314867292,6.008,3
"md5, sha256, sha3-224","50 20 20 5 5",17458.431959152,0.049881234169006,6.226,3
"md5, sha256, sha512","50 20 20 5 5",21864.371299744,0.062469632284982,6.299,3
"md5, sha3-224, sha512","50 20 20 5 5",19487.232208252,0.055677806309291,6.117,3
"sha1, sha256, sha3-224","50 20 20 5 5",17502.312421799,0.050006606919425,5.936,3
"sha1, sha256, sha512","50 20 20 5 5",21434.951543808,0.061242718696594,5.958,3
"sha1, sha3-224, sha512","50 20 20 5 5",19223.904132843,0.054925440379551,5.898,3
"sha256, sha3-224, sha512","50 20 20 5 5",23486.660957336,0.06710474559239,6.168,3
"crc32, md4, md5, sha1","50 20 20 5 5",13686.49148941,0.039104261398315,6.12,4
"crc32, md4, md5, sha256","50 20 20 5 5",17889.379739761,0.051112513542175,6.325,4
"crc32, md4, md5, sha3-224","50 20 20 5 5",15396.495819092,0.043989988054548,6.172,4
"crc32, md4, md5, sha512","50 20 20 5 5",19458.786249161,0.055596532140459,6.229,4
"crc32, md4, sha1, sha256","50 20 20 5 5",17749.320030212,0.050712342943464,6.25,4
"crc32, md4, sha1, sha3-224","50 20 20 5 5",15490.40222168,0.044258292061942,6.125,4
"crc32, md4, sha1, sha512","50 20 20 5 5",19436.545372009,0.055532986777169,6.198,4
"crc32, md4, sha256, sha3-224","50 20 20 5 5",19963.466405869,0.057038475445339,6.212,4
"crc32, md4, sha256, sha512","50 20 20 5 5",23602.777481079,0.067436507088797,6.416,4
"crc32, md4, sha3-224, sha512","50 20 20 5 5",21227.803945541,0.060650868415833,6.214,4
"crc32, md5, sha1, sha256","50 20 20 5 5",18239.268302917,0.052112195151193,6.035,4
"crc32, md5, sha1, sha3-224","50 20 20 5 5",15874.705791473,0.045356302261353,5.946,4
"crc32, md5, sha1, sha512","50 20 20 5 5",19960.984230042,0.057031383514404,6.007,4
"crc32, md5, sha256, sha3-224","50 20 20 5 5",20359.078645706,0.058168796130589,6.231,4
"crc32, md5, sha256, sha512","50 20 20 5 5",23812.775373459,0.068036501067025,6.289,4
"crc32, md5, sha3-224, sha512","50 20 20 5 5",21788.367033005,0.062252477237156,6.109,4
"crc32, sha1, sha256, sha3-224","50 20 20 5 5",19945.683717728,0.056987667764936,5.986,4
"crc32, sha1, sha256, sha512","50 20 20 5 5",23855.123519897,0.068157495771136,6.024,4
"crc32, sha1, sha3-224, sha512","50 20 20 5 5",21586.935281754,0.061676957947867,6.049,4
"crc32, sha256, sha3-224, sha512","50 20 20 5 5",25755.66649437,0.073587618555341,6.218,4
"md4, md5, sha1, sha256","50 20 20 5 5",18782.812833786,0.053665179525103,4.438,4
"md4, md5, sha1, sha3-224","50 20 20 5 5",16747.717142105,0.047850620406015,4.501,4
"md4, md5, sha1, sha512","50 20 20 5 5",20853.740930557,0.059582116944449,4.265,4
"md4, md5, sha256, sha3-224","50 20 20 5 5",20893.197774887,0.059694850785392,4.686,4
"md4, md5, sha256, sha512","50 20 20 5 5",24864.874839783,0.071042499542236,4.693,4
"md4, md5, sha3-224, sha512","50 20 20 5 5",22489.046096802,0.064254417419434,4.633,4
"md4, sha1, sha256, sha3-224","50 20 20 5 5",20797.209024429,0.059420597212655,4.406,4
"md4, sha1, sha256, sha512","50 20 20 5 5",24700.795412064,0.070573701177325,4.486,4
"md4, sha1, sha3-224, sha512","50 20 20 5 5",22505.901813507,0.06430257661002,4.316,4
"md4, sha256, sha3-224, sha512","50 20 20 5 5",26608.932256699,0.076025520733425,4.656,4
"md5, sha1, sha256, sha3-224","50 20 20 5 5",20920.52936554,0.059772941044399,4.366,4
"md5, sha1, sha256, sha512","50 20 20 5 5",24984.06124115,0.071383032117571,4.39,4
"md5, sha1, sha3-224, sha512","50 20 20 5 5",22883.208274841,0.065380595070975,4.326,4
"md5, sha256, sha3-224, sha512","50 20 20 5 5",27389.837741852,0.078256679262434,4.657,4
"sha1, sha256, sha3-224, sha512","50 20 20 5 5",26897.616386414,0.07685033253261,4.257,4
standard,"20 20 20 20 20",8460.9909057617,0.024174259730748,9.294,3
accurate,"20 20 20 20 20",19824.191570282,0.056640547343663,4.59,5
"crc32, md4","20 20 20 20 20",6445.1525211334,0.018414721488953,9.329,2
"crc32, md5","20 20 20 20 20",7079.4458389282,0.020226988111223,9.317,2
"crc32, sha1","20 20 20 20 20",6884.7410678864,0.01967068876539,9.617,2
"crc32, sha256","20 20 20 20 20",10993.152141571,0.031409006118774,9.206,2
"crc32, sha3-224","20 20 20 20 20",8798.8858222961,0.025139673777989,9.294,2
"crc32, sha512","20 20 20 20 20",12709.996938705,0.03631427696773,9.475,2
"md4, md5","20 20 20 20 20",7502.2716522217,0.021435061863491,0.164,2
"md4, sha1","20 20 20 20 20",7587.2821807861,0.02167794908796,0.109,2
"md4, sha256","20 20 20 20 20",11690.675497055,0.033401929991586,0.551,2
"md4, sha3-224","20 20 20 20 20",9497.2560405731,0.02713501725878,0.116,2
"md4, sha512","20 20 20 20 20",13494.568586349,0.038555910246713,0.437,2
"md5, sha1","20 20 20 20 20",7902.9932022095,0.022579980577741,0.162,2
"md5, sha256","20 20 20 20 20",11976.802110672,0.03421943460192,0.538,2
"md5, sha3-224","20 20 20 20 20",9829.6148777008,0.028084613936288,0.412,2
"md5, sha512","20 20 20 20 20",13925.444841385,0.0397869852611,0.383,2
"sha1, sha256","20 20 20 20 20",12126.83057785,0.034648087365287,0.612,2
"sha1, sha3-224","20 20 20 20 20",9900.8052349091,0.028288014956883,0.378,2
"sha1, sha512","20 20 20 20 20",14266.346931458,0.040760991232736,0.349,2
"sha256, sha3-224","20 20 20 20 20",13997.383594513,0.039992524555751,0.624,2
"sha256, sha512","20 20 20 20 20",17940.673351288,0.051259066717965,0.723,2
"sha3-224, sha512","20 20 20 20 20",15646.852970123,0.044705294200352,0.517,2
"crc32, md4, md5","20 20 20 20 20",10086.012125015,0.028817177500044,6.175,3
"crc32, md4, sha1","20 20 20 20 20",9999.1776943207,0.028569079126631,6.353,3
"crc32, md4, sha256","20 20 20 20 20",14197.988271713,0.040565680776324,6.076,3
"crc32, md4, sha3-224","20 20 20 20 20",12308.372020721,0.035166777202061,6.195,3
"crc32, md4, sha512","20 20 20 20 20",15938.804388046,0.045539441108704,6.229,3
"crc32, md5, sha1","20 20 20 20 20",10407.755851746,0.029736445290702,6.341,3
"crc32, md5, sha256","20 20 20 20 20",14561.455726624,0.041604159218924,6.242,3
"crc32, md5, sha3-224","20 20 20 20 20",12296.634912491,0.035133242607117,6.257,3
"crc32, md5, sha512","20 20 20 20 20",16180.139303207,0.046228969437735,6.39,3
"crc32, sha1, sha256","20 20 20 20 20",14589.972734451,0.041685636384147,6.329,3
"crc32, sha1, sha3-224","20 20 20 20 20",12341.243267059,0.035260695048741,6.273,3
"crc32, sha1, sha512","20 20 20 20 20",16545.578241348,0.047273080689566,6.292,3
"crc32, sha256, sha3-224","20 20 20 20 20",16704.698562622,0.04772771017892,6.196,3
"crc32, sha256, sha512","20 20 20 20 20",20482.914447784,0.058522612707955,6.158,3
"crc32, sha3-224, sha512","20 20 20 20 20",18157.776594162,0.051879361697606,6.311,3
"md4, md5, sha1","20 20 20 20 20",11081.807136536,0.031662306104388,0.29800000000001,3
"md4, md5, sha256","20 20 20 20 20",15540.198087692,0.044400565964835,0.408,3
"md4, md5, sha3-224","20 20 20 20 20",13044.455051422,0.037269871575492,0.29,3
"md4, md5, sha512","20 20 20 20 20",16955.274105072,0.048443640300206,0.355,3
"md4, sha1, sha256","20 20 20 20 20",15481.766462326,0.044233618463789,0.546,3
"md4, sha1, sha3-224","20 20 20 20 20",13594.924211502,0.038842640604292,0.163,3
"md4, sha1, sha512","20 20 20 20 20",17095.365047455,0.048843900135585,0.246,3
"md4, sha256, sha3-224","20 20 20 20 20",17314.271688461,0.049469347681318,0.48,3
"md4, sha256, sha512","20 20 20 20 20",21291.215419769,0.060832044056484,0.664,3
"md4, sha3-224, sha512","20 20 20 20 20",18978.732347488,0.054224949564253,0.413,3
"md5, sha1, sha256","20 20 20 20 20",15614.736557007,0.04461353302002,0.46099999999999,3
"md5, sha1, sha3-224","20 20 20 20 20",13711.671590805,0.039176204545157,0.404,3
"md5, sha1, sha512","20 20 20 20 20",17665.69685936,0.050473419598171,0.367,3
"md5, sha256, sha3-224","20 20 20 20 20",18024.211883545,0.0514977482387,0.807,3
"md5, sha256, sha512","20 20 20 20 20",21680.188179016,0.061943394797189,0.58,3
"md5, sha3-224, sha512","20 20 20 20 20",19643.081188202,0.056123089109148,0.616,3
"sha1, sha256, sha3-224","20 20 20 20 20",17913.660049438,0.051181885855539,0.616,3
"sha1, sha256, sha512","20 20 20 20 20",21532.967090607,0.061522763116019,0.548,3
"sha1, sha3-224, sha512","20 20 20 20 20",19452.563285828,0.055578752245222,0.326,3
"sha256, sha3-224, sha512","20 20 20 20 20",23592.190504074,0.067406258583069,0.606,3
"crc32, md4, md5, sha1","20 20 20 20 20",14148.56672287,0.040424476351057,4.466,4
"crc32, md4, md5, sha256","20 20 20 20 20",18387.602567673,0.052536007336208,4.29,4
"crc32, md4, md5, sha3-224","20 20 20 20 20",15736.194610596,0.044960556030273,4.339,4
"crc32, md4, md5, sha512","20 20 20 20 20",19795.506715775,0.056558590616499,4.5,4
"crc32, md4, sha1, sha256","20 20 20 20 20",17944.547891617,0.051270136833191,4.325,4
"crc32, md4, sha1, sha3-224","20 20 20 20 20",15573.164701462,0.044494756289891,4.277,4
"crc32, md4, sha1, sha512","20 20 20 20 20",19490.351438522,0.055686718395778,4.357,4
"crc32, md4, sha256, sha3-224","20 20 20 20 20",19835.105657578,0.056671730450221,4.318,4
"crc32, md4, sha256, sha512","20 20 20 20 20",23615.277051926,0.067472220148359,4.283,4
"crc32, md4, sha3-224, sha512","20 20 20 20 20",22063.448905945,0.063038425445557,4.421,4
"crc32, md5, sha1, sha256","20 20 20 20 20",18190.876960754,0.051973934173584,4.326,4
"crc32, md5, sha1, sha3-224","20 20 20 20 20",16045.71723938,0.045844906398228,4.421,4
"crc32, md5, sha1, sha512","20 20 20 20 20",19780.745983124,0.056516417094639,4.385,4
"crc32, md5, sha256, sha3-224","20 20 20 20 20",20281.945228577,0.05794841493879,4.539,4
"crc32, md5, sha256, sha512","20 20 20 20 20",23835.85524559,0.068102443558829,4.343,4
"crc32, md5, sha3-224, sha512","20 20 20 20 20",21969.727993011,0.062770651408604,4.575,4
"crc32, sha1, sha256, sha3-224","20 20 20 20 20",20169.370889664,0.057626773970468,4.263,4
"crc32, sha1, sha256, sha512","20 20 20 20 20",24204.445838928,0.069155559539795,4.251,4
"crc32, sha1, sha3-224, sha512","20 20 20 20 20",21889.725208282,0.062542072023664,4.342,4
"crc32, sha256, sha3-224, sha512","20 20 20 20 20",25878.499031067,0.073938568660191,4.361,4
"md4, md5, sha1, sha256","20 20 20 20 20",18731.549978256,0.053518714223589,0.332,4
"md4, md5, sha1, sha3-224","20 20 20 20 20",16498.524904251,0.047138642583575,0.378,4
"md4, md5, sha1, sha512","20 20 20 20 20",20449.683189392,0.058427666255406,0.306,4
"md4, md5, sha256, sha3-224","20 20 20 20 20",20768.157720566,0.059337593487331,0.431,4
"md4, md5, sha256, sha512","20 20 20 20 20",25237.126588821,0.072106075968061,0.521,4
"md4, md5, sha3-224, sha512","20 20 20 20 20",22529.420614243,0.06436977318355,0.466,4
"md4, sha1, sha256, sha3-224","20 20 20 20 20",20840.523719788,0.059544353485107,0.533,4
"md4, sha1, sha256, sha512","20 20 20 20 20",24465.316534042,0.069900904382978,0.516,4
"md4, sha1, sha3-224, sha512","20 20 20 20 20",22428.630828857,0.064081802368164,0.257,4
"md4, sha256, sha3-224, sha512","20 20 20 20 20",27012.130498886,0.077177515711103,0.64,4
"md5, sha1, sha256, sha3-224","20 20 20 20 20",20866.466283798,0.059618475096566,0.524,4
"md5, sha1, sha256, sha512","20 20 20 20 20",24955.167531967,0.071300478662763,0.49300000000001,4
"md5, sha1, sha3-224, sha512","20 20 20 20 20",22590.422868729,0.064544065339225,0.476,4
"md5, sha256, sha3-224, sha512","20 20 20 20 20",26780.70306778,0.07651629447937,0.65,4
"sha1, sha256, sha3-224, sha512","20 20 20 20 20",27326.195240021,0.078074843542916,0.603,4
standard,"1 1",3549.3321418762,0.010140948976789,98,3
accurate,"1 1",8097.4183082581,0.023135480880737,98,5
"crc32, md4","1 1",2792.3939228058,0.0079782683508737,98,2
"crc32, md5","1 1",2884.5195770264,0.0082414845057896,98,2
"crc32, sha1","1 1",2906.2104225159,0.0083034583500453,98,2
"crc32, sha256","1 1",4652.0719528198,0.013291634150914,98,2
"crc32, sha3-224","1 1",3757.4851512909,0.010735671860831,98,2
"crc32, sha512","1 1",5331.066608429,0.015231618881226,98,2
"md4, md5","1 1",3207.7307701111,0.0091649450574602,98,2
"md4, sha1","1 1",3256.8802833557,0.0093053722381592,98,2
"md4, sha256","1 1",4952.9891014099,0.0141513974326,98,2
"md4, sha3-224","1 1",4085.5481624603,0.011672994749887,98,2
"md4, sha512","1 1",5627.2549629211,0.016077871322632,98,2
"md5, sha1","1 1",3335.6010913849,0.0095302888325283,98,2
"md5, sha256","1 1",5009.54413414,0.0143129832404,98,2
"md5, sha3-224","1 1",4193.436384201,0.011981246812003,98,2
"md5, sha512","1 1",5758.6469650269,0.016453277042934,98,2
"sha1, sha256","1 1",5049.3540763855,0.01442672593253,98,2
"sha1, sha3-224","1 1",4229.4042110443,0.012084012031555,98,2
"sha1, sha512","1 1",5808.4213733673,0.016595489638192,98,2
"sha256, sha3-224","1 1",5893.3212757111,0.016838060787746,98,2
"sha256, sha512","1 1",7523.1673717499,0.021494763919285,98,2
"sha3-224, sha512","1 1",6787.1866226196,0.019391961778913,98,2
"crc32, md4, md5","1 1",4230.9708595276,0.012088488170079,98,3
"crc32, md4, sha1","1 1",4375.9183883667,0.012502623966762,98,3
"crc32, md4, sha256","1 1",5982.4357032776,0.017092673437936,98,3
"crc32, md4, sha3-224","1 1",5027.8995037079,0.014365427153451,98,3
"crc32, md4, sha512","1 1",6691.4918422699,0.019118548120771,98,3
"crc32, md5, sha1","1 1",4366.5778636932,0.012475936753409,98,3
"crc32, md5, sha256","1 1",6086.7168903351,0.017390619686672,98,3
"crc32, md5, sha3-224","1 1",5229.5036315918,0.014941438947405,98,3
"crc32, md5, sha512","1 1",6811.705827713,0.019462016650609,98,3
"crc32, sha1, sha256","1 1",6109.0068817139,0.017454305376325,98,3
"crc32, sha1, sha3-224","1 1",5190.0916099548,0.0148288331713,98,3
"crc32, sha1, sha512","1 1",6782.2031974792,0.019377723421369,98,3
"crc32, sha256, sha3-224","1 1",6854.3202877045,0.019583772250584,98,3
"crc32, sha256, sha512","1 1",8551.6872406006,0.024433392116002,98,3
"crc32, sha3-224, sha512","1 1",7621.6933727264,0.021776266779218,98,3
"md4, md5, sha1","1 1",4697.9658603668,0.013422759601048,98,3
"md4, md5, sha256","1 1",6884.9985599518,0.019671424457005,98,3
"md4, md5, sha3-224","1 1",5494.2791461945,0.015697940417698,98,3
"md4, md5, sha512","1 1",7126.5277862549,0.020361507960728,98,3
"md4, sha1, sha256","1 1",6422.4858283997,0.018349959509713,98,3
"md4, sha1, sha3-224","1 1",5562.5114440918,0.015892889840262,98,3
"md4, sha1, sha512","1 1",7659.6739292145,0.021884782654899,98,3
"md4, sha256, sha3-224","1 1",7242.8889274597,0.020693968364171,98,3
"md4, sha256, sha512","1 1",8788.4051799774,0.02510972908565,98,3
"md4, sha3-224, sha512","1 1",8110.1720333099,0.023171920095171,98,3
"md5, sha1, sha256","1 1",6823.1384754181,0.019494681358337,98,3
"md5, sha1, sha3-224","1 1",5877.4130344391,0.016792608669826,98,3
"md5, sha1, sha512","1 1",7240.6878471375,0.02068767956325,98,3
"md5, sha256, sha3-224","1 1",7329.9190998077,0.020942625999451,98,3
"md5, sha256, sha512","1 1",9032.2380065918,0.025806394304548,98,3
"md5, sha3-224, sha512","1 1",8010.2965831757,0.022886561666216,98,3
"sha1, sha256, sha3-224","1 1",7309.9539279938,0.020885582651411,98,3
"sha1, sha256, sha512","1 1",8942.4865245819,0.025549961498805,98,3
"sha1, sha3-224, sha512","1 1",8310.0142478943,0.023742897851127,98,3
"sha256, sha3-224, sha512","1 1",9747.6720809937,0.027850491659982,98,3
"crc32, md4, md5, sha1","1 1",5765.9423351288,0.016474120957511,98,4
"crc32, md4, md5, sha256","1 1",7560.7953071594,0.02160227230617,98,4
"crc32, md4, md5, sha3-224","1 1",6501.0929107666,0.018574551173619,98,4
"crc32, md4, md5, sha512","1 1",8216.591835022,0.023475976671491,98,4
"crc32, md4, sha1, sha256","1 1",7479.1684150696,0.021369052614485,98,4
"crc32, md4, sha1, sha3-224","1 1",6566.862821579,0.018762465204511,98,4
"crc32, md4, sha1, sha512","1 1",8064.4912719727,0.023041403634208,98,4
"crc32, md4, sha256, sha3-224","1 1",8245.014667511,0.023557184764317,98,4
"crc32, md4, sha256, sha512","1 1",10387.97712326,0.029679934637887,98,4
"crc32, md4, sha3-224, sha512","1 1",8935.4848861694,0.025529956817627,98,4
"crc32, md5, sha1, sha256","1 1",7765.4747962952,0.022187070846558,98,4
"crc32, md5, sha1, sha3-224","1 1",6721.1058139801,0.019203159468515,98,4
"crc32, md5, sha1, sha512","1 1",8275.4187583923,0.023644053595407,98,4
"crc32, md5, sha256, sha3-224","1 1",8324.8600959778,0.023785314559937,98,4
"crc32, md5, sha256, sha512","1 1",10045.160770416,0.028700459344046,98,4
"crc32, md5, sha3-224, sha512","1 1",9108.3946228027,0.026023984636579,98,4
"crc32, sha1, sha256, sha3-224","1 1",8366.7342662811,0.023904955046518,98,4
"crc32, sha1, sha256, sha512","1 1",9942.3840045929,0.028406811441694,98,4
"crc32, sha1, sha3-224, sha512","1 1",9033.7677001953,0.025810764857701,98,4
"crc32, sha256, sha3-224, sha512","1 1",10801.797866821,0.030862279619489,98,4
"md4, md5, sha1, sha256","1 1",8391.6013240814,0.02397600378309,98,4
"md4, md5, sha1, sha3-224","1 1",7097.5048542023,0.020278585297721,98,4
"md4, md5, sha1, sha512","1 1",8766.2312984467,0.025046375138419,98,4
"md4, md5, sha256, sha3-224","1 1",8897.5639343262,0.025421611240932,98,4
"md4, md5, sha256, sha512","1 1",10337.148427963,0.029534709794181,98,4
"md4, md5, sha3-224, sha512","1 1",9405.6360721588,0.026873245920454,98,4
"md4, sha1, sha256, sha3-224","1 1",8888.5588645935,0.025395882470267,98,4
"md4, sha1, sha256, sha512","1 1",10266.941070557,0.029334117344448,98,4
"md4, sha1, sha3-224, sha512","1 1",9404.6487808228,0.026870425088065,98,4
"md4, sha256, sha3-224, sha512","1 1",11009.393930435,0.031455411229815,98,4
"md5, sha1, sha256, sha3-224","1 1",8727.7324199677,0.024936378342765,98,4
"md5, sha1, sha256, sha512","1 1",10495.224237442,0.02998635496412,98,4
"md5, sha1, sha3-224, sha512","1 1",10012.340068817,0.028606685910906,98,4
"md5, sha256, sha3-224, sha512","1 1",11183.498382568,0.031952852521624,98,4
"sha1, sha256, sha3-224, sha512","1 1",11180.253505707,0.031943581444877,98,4
standard,"1 1 1",5371.9086647034,0.015348310470581,97,3
accurate,"1 1 1",11905.734539032,0.034016384397234,97,5
"crc32, md4","1 1 1",4108.1609725952,0.011737602778843,97,2
"crc32, md5","1 1 1",4382.0934295654,0.012520266941616,97,2
"crc32, sha1","1 1 1",4342.0920372009,0.012405977249146,97,2
"crc32, sha256","1 1 1",6753.1671524048,0.019294763292585,97,2
"crc32, sha3-224","1 1 1",5395.1783180237,0.015414795194353,97,2
"crc32, sha512","1 1 1",7888.1235122681,0.022537495749337,97,2
"md4, md5","1 1 1",4696.7980861664,0.013419423103333,97,2
"md4, sha1","1 1 1",4706.0527801514,0.013445865086147,97,2
"md4, sha256","1 1 1",7168.0727005005,0.020480207715716,97,2
"md4, sha3-224","1 1 1",5877.5897026062,0.016793113436018,97,2
"md4, sha512","1 1 1",8290.274143219,0.023686497552054,97,2
"md5, sha1","1 1 1",4868.1149482727,0.013908899852208,97,2
"md5, sha256","1 1 1",7394.4745063782,0.021127070018223,97,2
"md5, sha3-224","1 1 1",6052.1876811981,0.017291964803423,97,2
"md5, sha512","1 1 1",8775.5653858185,0.025073043959481,97,2
"sha1, sha256","1 1 1",7387.6402378082,0.021107543536595,97,2
"sha1, sha3-224","1 1 1",6123.3451366425,0.017495271818978,97,2
"sha1, sha512","1 1 1",8452.4307250977,0.024149802071708,97,2
"sha256, sha3-224","1 1 1",8813.4980201721,0.025181422914777,97,2
"sha256, sha512","1 1 1",11035.538196564,0.031530109133039,97,2
"sha3-224, sha512","1 1 1",9673.4478473663,0.027638422421047,97,2
"crc32, md4, md5","1 1 1",6137.2232437134,0.017534923553467,97,3
"crc32, md4, sha1","1 1 1",6230.3524017334,0.017801006862095,97,3
"crc32, md4, sha256","1 1 1",8750.0259876251,0.025000074250357,97,3
"crc32, md4, sha3-224","1 1 1",7559.7958564758,0.021599416732788,97,3
"crc32, md4, sha512","1 1 1",9856.7612171173,0.028162174906049,97,3
"crc32, md5, sha1","1 1 1",6430.4213523865,0.01837263243539,97,3
"crc32, md5, sha256","1 1 1",8950.6068229675,0.025573162351336,97,3
"crc32, md5, sha3-224","1 1 1",7654.5608043671,0.021870173726763,97,3
"crc32, md5, sha512","1 1 1",10405.35736084,0.029729592459542,97,3
"crc32, sha1, sha256","1 1 1",8960.4938030243,0.025601410865784,97,3
"crc32, sha1, sha3-224","1 1 1",7684.876203537,0.021956789152963,97,3
"crc32, sha1, sha512","1 1 1",10329.724550247,0.029513498714992,97,3
"crc32, sha256, sha3-224","1 1 1",10443.633317947,0.029838952336993,97,3
"crc32, sha256, sha512","1 1 1",12813.119411469,0.036608912604196,97,3
"crc32, sha3-224, sha512","1 1 1",11117.338180542,0.031763823372977,97,3
"md4, md5, sha1","1 1 1",6999.5307922363,0.01999865940639,97,3
"md4, md5, sha256","1 1 1",9460.3183269501,0.027029480934143,97,3
"md4, md5, sha3-224","1 1 1",8188.0967617035,0.023394562176296,97,3
"md4, md5, sha512","1 1 1",10422.174692154,0.029777641977583,97,3
"md4, sha1, sha256","1 1 1",9443.7987804413,0.026982282229832,97,3
"md4, sha1, sha3-224","1 1 1",8164.1497612,0.023326142174857,97,3
"md4, sha1, sha512","1 1 1",10821.369886398,0.030918199675424,97,3
"md4, sha256, sha3-224","1 1 1",10599.555015564,0.030284442901611,97,3
"md4, sha256, sha512","1 1 1",12986.288785934,0.037103682245527,97,3
"md4, sha3-224, sha512","1 1 1",11668.71213913,0.03333917754037,97,3
"md5, sha1, sha256","1 1 1",9581.8033218384,0.027376580919538,97,3
"md5, sha1, sha3-224","1 1 1",8263.3123397827,0.023609463827951,97,3
"md5, sha1, sha512","1 1 1",10613.864421844,0.030325326919556,97,3
"md5, sha256, sha3-224","1 1 1",10747.581481934,0.030707375662667,97,3
"md5, sha256, sha512","1 1 1",13205.106496811,0.037728875705174,97,3
"md5, sha3-224, sha512","1 1 1",11917.278766632,0.034049367904663,97,3
"sha1, sha256, sha3-224","1 1 1",10762.870550156,0.03075105871473,97,3
"sha1, sha256, sha512","1 1 1",13184.820890427,0.03767091682979,97,3
"sha1, sha3-224, sha512","1 1 1",11827.824831009,0.033793785231454,97,3
"sha256, sha3-224, sha512","1 1 1",14424.124717712,0.04121178490775,97,3
"crc32, md4, md5, sha1","1 1 1",8383.7568759918,0.023953591074262,97,4
"crc32, md4, md5, sha256","1 1 1",10881.306171417,0.031089446204049,97,4
"crc32, md4, md5, sha3-224","1 1 1",9713.1960391998,0.027751988683428,97,4
"crc32, md4, md5, sha512","1 1 1",12183.15577507,0.034809016500201,97,4
"crc32, md4, sha1, sha256","1 1 1",10862.265825272,0.031035045215062,97,4
"crc32, md4, sha1, sha3-224","1 1 1",9551.9316196442,0.027291233198983,97,4
"crc32, md4, sha1, sha512","1 1 1",12055.571556091,0.034444490160261,97,4
"crc32, md4, sha256, sha3-224","1 1 1",12452.789306641,0.035579398018973,97,4
"crc32, md4, sha256, sha512","1 1 1",14435.331344604,0.041243803841727,97,4
"crc32, md4, sha3-224, sha512","1 1 1",13196.492910385,0.037704265458243,97,4
"crc32, md5, sha1, sha256","1 1 1",11058.612346649,0.03159603527614,97,4
"crc32, md5, sha1, sha3-224","1 1 1",10058.27999115,0.028737942831857,97,4
"crc32, md5, sha1, sha512","1 1 1",12183.548927307,0.034810139792306,97,4
"crc32, md5, sha256, sha3-224","1 1 1",12321.703910828,0.03520486831665,97,4
"crc32, md5, sha256, sha512","1 1 1",14652.7094841,0.041864884240287,97,4
"crc32, md5, sha3-224, sha512","1 1 1",13466.449022293,0.038475568635123,97,4
"crc32, sha1, sha256, sha3-224","1 1 1",12326.62153244,0.035218918664115,97,4
"crc32, sha1, sha256, sha512","1 1 1",14656.646966934,0.041876134191241,97,4
"crc32, sha1, sha3-224, sha512","1 1 1",13317.340135574,0.038049543244498,97,4
"crc32, sha256, sha3-224, sha512","1 1 1",15954.263448715,0.045583609853472,97,4
"md4, md5, sha1, sha256","1 1 1",11983.046293259,0.034237275123596,97,4
"md4, md5, sha1, sha3-224","1 1 1",10491.922616959,0.029976921762739,97,4
"md4, md5, sha1, sha512","1 1 1",12948.196411133,0.036994846888951,97,4
"md4, md5, sha256, sha3-224","1 1 1",12765.851736069,0.036473862103053,97,4
"md4, md5, sha256, sha512","1 1 1",15428.586483002,0.044081675665719,97,4
"md4, md5, sha3-224, sha512","1 1 1",13749.024868011,0.039282928194319,97,4
"md4, sha1, sha256, sha3-224","1 1 1",12769.252061844,0.036483577319554,97,4
"md4, sha1, sha256, sha512","1 1 1",15003.109455109,0.042866027014596,97,4
"md4, sha1, sha3-224, sha512","1 1 1",13830.891609192,0.03951683316912,97,4
"md4, sha256, sha3-224, sha512","1 1 1",16503.316164017,0.047152331897191,97,4
"md5, sha1, sha256, sha3-224","1 1 1",13061.240911484,0.037317831175668,97,4
"md5, sha1, sha256, sha512","1 1 1",15316.120862961,0.043760345322745,97,4
"md5, sha1, sha3-224, sha512","1 1 1",13956.263065338,0.039875037329538,97,4
"md5, sha256, sha3-224, sha512","1 1 1",16399.42407608,0.046855497360229,97,4
"sha1, sha256, sha3-224, sha512","1 1 1",16404.627799988,0.046870365142822,97,4
standard,"1 1 1 1",6772.3650932312,0.019349614552089,96,3
accurate,"1 1 1 1",15657.143354416,0.044734695298331,96,5
"crc32, md4","1 1 1 1",5194.7901248932,0.014842257499695,96,2
"crc32, md5","1 1 1 1",5475.426197052,0.01564407484872,96,2
"crc32, sha1","1 1 1 1",5539.192199707,0.015826263427734,96,2
"crc32, sha256","1 1 1 1",9059.8759651184,0.025885359900338,96,2
"crc32, sha3-224","1 1 1 1",7083.3132266998,0.020238037790571,96,2
"crc32, sha512","1 1 1 1",10186.172962189,0.029103351320539,96,2
"md4, md5","1 1 1 1",6076.4033794403,0.017361152512687,96,2
"md4, sha1","1 1 1 1",6484.9362373352,0.018528389249529,96,2
"md4, sha256","1 1 1 1",9659.3930721283,0.027598265920367,96,2
"md4, sha3-224","1 1 1 1",7783.7607860565,0.02223931653159,96,2
"md4, sha512","1 1 1 1",10833.087444305,0.030951678412301,96,2
"md5, sha1","1 1 1 1",6306.5898418427,0.01801882811955,96,2
"md5, sha256","1 1 1 1",9772.7777957916,0.02792222227369,96,2
"md5, sha3-224","1 1 1 1",7954.8168182373,0.022728048052107,96,2
"md5, sha512","1 1 1 1",11201.767444611,0.032005049841745,96,2
"sha1, sha256","1 1 1 1",9770.3969478607,0.027915419851031,96,2
"sha1, sha3-224","1 1 1 1",8002.6981830597,0.022864851951599,96,2
"sha1, sha512","1 1 1 1",11370.267152786,0.032486477579389,96,2
"sha256, sha3-224","1 1 1 1",11347.478866577,0.03242136819022,96,2
"sha256, sha512","1 1 1 1",14733.619213104,0.042096054894584,96,2
"sha3-224, sha512","1 1 1 1",12617.505788803,0.036050016539437,96,2
"crc32, md4, md5","1 1 1 1",8115.5521869659,0.02318729196276,96,3
"crc32, md4, sha1","1 1 1 1",8154.7613143921,0.02329931804112,96,3
"crc32, md4, sha256","1 1 1 1",11573.117017746,0.033066048622131,96,3
"crc32, md4, sha3-224","1 1 1 1",9832.6842784882,0.028093383652823,96,3
"crc32, md4, sha512","1 1 1 1",13025.087594986,0.037214535985674,96,3
"crc32, md5, sha1","1 1 1 1",8413.5251045227,0.024038643155779,96,3
"crc32, md5, sha256","1 1 1 1",11917.731523514,0.034050661495754,96,3
"crc32, md5, sha3-224","1 1 1 1",10163.485050201,0.029038528714861,96,3
"crc32, md5, sha512","1 1 1 1",13480.872631073,0.038516778945923,96,3
"crc32, sha1, sha256","1 1 1 1",11769.948005676,0.033628422873361,96,3
"crc32, sha1, sha3-224","1 1 1 1",10095.614910126,0.028844614028931,96,3
"crc32, sha1, sha512","1 1 1 1",13254.356622696,0.03786959035056,96,3
"crc32, sha256, sha3-224","1 1 1 1",13341.977834702,0.038119936670576,96,3
"crc32, sha256, sha512","1 1 1 1",16817.714929581,0.048050614084516,96,3
"crc32, sha3-224, sha512","1 1 1 1",14917.228221893,0.042620652062552,96,3
"md4, md5, sha1","1 1 1 1",9130.7408809662,0.026087831088475,96,3
"md4, md5, sha256","1 1 1 1",12327.508926392,0.035221454075405,96,3
"md4, md5, sha3-224","1 1 1 1",10900.617837906,0.031144622394017,96,3
"md4, md5, sha512","1 1 1 1",13728.090763092,0.039223116465977,96,3
"md4, sha1, sha256","1 1 1 1",12333.154439926,0.035237584114075,96,3
"md4, sha1, sha3-224","1 1 1 1",10593.16444397,0.030266184125628,96,3
"md4, sha1, sha512","1 1 1 1",13810.821294785,0.03945948941367,96,3
"md4, sha256, sha3-224","1 1 1 1",13973.693609238,0.039924838883536,96,3
"md4, sha256, sha512","1 1 1 1",17215.289831161,0.049186542374747,96,3
"md4, sha3-224, sha512","1 1 1 1",15739.711999893,0.044970605713981,96,3
"md5, sha1, sha256","1 1 1 1",12594.862699509,0.035985321998596,96,3
"md5, sha1, sha3-224","1 1 1 1",10886.149168015,0.031103283337184,96,3
"md5, sha1, sha512","1 1 1 1",14000.721693039,0.040002061980111,96,3
"md5, sha256, sha3-224","1 1 1 1",14177.079200745,0.040505940573556,96,3
"md5, sha256, sha512","1 1 1 1",17521.885633469,0.050062530381339,96,3
"md5, sha3-224, sha512","1 1 1 1",16134.683847427,0.046099096706935,96,3
"sha1, sha256, sha3-224","1 1 1 1",14287.897825241,0.040822565214975,96,3
"sha1, sha256, sha512","1 1 1 1",17590.794086456,0.050259411675589,96,3
"sha1, sha3-224, sha512","1 1 1 1",15841.445207596,0.045261272021702,96,3
"sha256, sha3-224, sha512","1 1 1 1",18904.896020889,0.054013988631112,96,3
"crc32, md4, md5, sha1","1 1 1 1",11054.296255112,0.031583703586033,96,4
"crc32, md4, md5, sha256","1 1 1 1",14522.543907166,0.041492982591902,96,4
"crc32, md4, md5, sha3-224","1 1 1 1",13504.737377167,0.038584963934762,96,4
"crc32, md4, md5, sha512","1 1 1 1",15987.43724823,0.0456783921378,96,4
"crc32, md4, sha1, sha256","1 1 1 1",14652.511835098,0.041864319528852,96,4
"crc32, md4, sha1, sha3-224","1 1 1 1",12960.063934326,0.037028754098075,96,4
"crc32, md4, sha1, sha512","1 1 1 1",15940.727710724,0.045544936316354,96,4
"crc32, md4, sha256, sha3-224","1 1 1 1",16010.370731354,0.045743916375296,96,4
"crc32, md4, sha256, sha512","1 1 1 1",19052.02293396,0.054434351239886,96,4
"crc32, md4, sha3-224, sha512","1 1 1 1",17293.540239334,0.049410114969526,96,4
"crc32, md5, sha1, sha256","1 1 1 1",14605.414152145,0.041729754720415,96,4
"crc32, md5, sha1, sha3-224","1 1 1 1",12847.038507462,0.036705824307033,96,4
"crc32, md5, sha1, sha512","1 1 1 1",15959.080696106,0.045597373417446,96,4
"crc32, md5, sha256, sha3-224","1 1 1 1",16430.329799652,0.046943799427577,96,4
"crc32, md5, sha256, sha512","1 1 1 1",19629.279375076,0.056083655357361,96,4
"crc32, md5, sha3-224, sha512","1 1 1 1",17595.930576324,0.050274087360927,96,4
"crc32, sha1, sha256, sha3-224","1 1 1 1",16684.38744545,0.047669678415571,96,4
"crc32, sha1, sha256, sha512","1 1 1 1",19940.577745438,0.056973079272679,96,4
"crc32, sha1, sha3-224, sha512","1 1 1 1",17887.704849243,0.051107728140695,96,4
"crc32, sha256, sha3-224, sha512","1 1 1 1",21016.719579697,0.060047770227705,96,4
"md4, md5, sha1, sha256","1 1 1 1",15355.792760849,0.043873693602426,96,4
"md4, md5, sha1, sha3-224","1 1 1 1",13591.792106628,0.038833691733224,96,4
"md4, md5, sha1, sha512","1 1 1 1",16648.095369339,0.04756598676954,96,4
"md4, md5, sha256, sha3-224","1 1 1 1",17302.65212059,0.049436148915972,96,4
"md4, md5, sha256, sha512","1 1 1 1",20731.164932251,0.059231899806431,96,4
"md4, md5, sha3-224, sha512","1 1 1 1",18690.721511841,0.053402061462402,96,4
"md4, sha1, sha256, sha3-224","1 1 1 1",17205.794811249,0.049159413746425,96,4
"md4, sha1, sha256, sha512","1 1 1 1",20231.913089752,0.057805465970721,96,4
"md4, sha1, sha3-224, sha512","1 1 1 1",18546.594142914,0.052990268979754,96,4
"md4, sha256, sha3-224, sha512","1 1 1 1",21986.974000931,0.062819925716945,96,4
"md5, sha1, sha256, sha3-224","1 1 1 1",17872.96795845,0.051065622738429,96,4
"md5, sha1, sha256, sha512","1 1 1 1",20828.729152679,0.059510654721941,96,4
"md5, sha1, sha3-224, sha512","1 1 1 1",19036.062955856,0.054388751302447,96,4
"md5, sha256, sha3-224, sha512","1 1 1 1",22139.662027359,0.063256177221026,96,4
"sha1, sha256, sha3-224, sha512","1 1 1 1",22192.583799362,0.063407382283892,96,4
standard,"1 1 1 1 1",8703.2232284546,0.024866352081299,95,3
accurate,"1 1 1 1 1",19786.289215088,0.056532254900251,95,5
"crc32, md4","1 1 1 1 1",6706.5043449402,0.019161440985543,95,2
"crc32, md5","1 1 1 1 1",7326.0636329651,0.0209316103799,95,2
"crc32, sha1","1 1 1 1 1",7116.7750358582,0.020333642959595,95,2
"crc32, sha256","1 1 1 1 1",11377.665281296,0.032507615089417,95,2
"crc32, sha3-224","1 1 1 1 1",9008.1632137299,0.025737609182085,95,2
"crc32, sha512","1 1 1 1 1",13118.918895721,0.037482625416347,95,2
"md4, md5","1 1 1 1 1",7808.652639389,0.02231043611254,95,2
"md4, sha1","1 1 1 1 1",7777.3008346558,0.022220859527588,95,2
"md4, sha256","1 1 1 1 1",12094.748258591,0.034556423595973,95,2
"md4, sha3-224","1 1 1 1 1",9928.867816925,0.028368193762643,95,2
"md4, sha512","1 1 1 1 1",13897.601604462,0.039707433155605,95,2
"md5, sha1","1 1 1 1 1",8332.5946331024,0.023807413237435,95,2
"md5, sha256","1 1 1 1 1",12434.673309326,0.035527638026646,95,2
"md5, sha3-224","1 1 1 1 1",10411.775827408,0.029747930935451,95,2
"md5, sha512","1 1 1 1 1",14295.528888702,0.040844368253435,95,2
"sha1, sha256","1 1 1 1 1",12371.612548828,0.035347464425223,95,2
"sha1, sha3-224","1 1 1 1 1",10125.663995743,0.028930468559265,95,2
"sha1, sha512","1 1 1 1 1",14164.784193039,0.040470811980111,95,2
"sha256, sha3-224","1 1 1 1 1",14748.945951462,0.042139845575605,95,2
"sha256, sha512","1 1 1 1 1",18575.761556625,0.053073604447501,95,2
"sha3-224, sha512","1 1 1 1 1",16220.387220383,0.046343963486808,95,2
"crc32, md4, md5","1 1 1 1 1",10596.97508812,0.030277071680341,95,3
"crc32, md4, sha1","1 1 1 1 1",10535.462141037,0.030101320402963,95,3
"crc32, md4, sha256","1 1 1 1 1",14634.400367737,0.041812572479248,95,3
"crc32, md4, sha3-224","1 1 1 1 1",12372.479438782,0.035349941253662,95,3
"crc32, md4, sha512","1 1 1 1 1",16341.767787933,0.046690765108381,95,3
"crc32, md5, sha1","1 1 1 1 1",10769.751548767,0.030770718710763,95,3
"crc32, md5, sha256","1 1 1 1 1",15034.070014954,0.04295448575701,95,3
"crc32, md5, sha3-224","1 1 1 1 1",13011.06762886,0.037174478939601,95,3
"crc32, md5, sha512","1 1 1 1 1",16922.827959061,0.048350937025888,95,3
"crc32, sha1, sha256","1 1 1 1 1",15189.371109009,0.043398203168597,95,3
"crc32, sha1, sha3-224","1 1 1 1 1",12833.835840225,0.036668102400643,95,3
"crc32, sha1, sha512","1 1 1 1 1",16903.100252151,0.048294572149004,95,3
"crc32, sha256, sha3-224","1 1 1 1 1",17000.622272491,0.048573206492833,95,3
"crc32, sha256, sha512","1 1 1 1 1",21359.079837799,0.061025942393712,95,3
"crc32, sha3-224, sha512","1 1 1 1 1",18996.901988983,0.054276862825666,95,3
"md4, md5, sha1","1 1 1 1 1",11590.924024582,0.03311692578452,95,3
"md4, md5, sha256","1 1 1 1 1",16274.188756943,0.046497682162694,95,3
"md4, md5, sha3-224","1 1 1 1 1",13532.748222351,0.038664994921003,95,3
"md4, md5, sha512","1 1 1 1 1",17681.381225586,0.050518232073103,95,3
"md4, sha1, sha256","1 1 1 1 1",15986.991882324,0.045677119663783,95,3
"md4, sha1, sha3-224","1 1 1 1 1",13638.810634613,0.038968030384609,95,3
"md4, sha1, sha512","1 1 1 1 1",17755.347013474,0.050729562895639,95,3
"md4, sha256, sha3-224","1 1 1 1 1",17844.393253326,0.05098398072379,95,3
"md4, sha256, sha512","1 1 1 1 1",21851.737737656,0.062433536393302,95,3
"md4, sha3-224, sha512","1 1 1 1 1",19549.343585968,0.05585526738848,95,3
"md5, sha1, sha256","1 1 1 1 1",16170.98903656,0.046202825818743,95,3
"md5, sha1, sha3-224","1 1 1 1 1",13946.289300919,0.039846540859767,95,3
"md5, sha1, sha512","1 1 1 1 1",18075.43182373,0.051644090924944,95,3
"md5, sha256, sha3-224","1 1 1 1 1",18185.576200485,0.051958789144244,95,3
"md5, sha256, sha512","1 1 1 1 1",22659.064531326,0.064740184375218,95,3
"md5, sha3-224, sha512","1 1 1 1 1",19716.887950897,0.056333965573992,95,3
"sha1, sha256, sha3-224","1 1 1 1 1",17601.541757584,0.050290119307382,95,3
"sha1, sha256, sha512","1 1 1 1 1",21849.056720734,0.062425876344953,95,3
"sha1, sha3-224, sha512","1 1 1 1 1",19747.950077057,0.056422714505877,95,3
"sha256, sha3-224, sha512","1 1 1 1 1",23723.295211792,0.067780843462263,95,3
"crc32, md4, md5, sha1","1 1 1 1 1",13425.725221634,0.038359214918954,95,4
"crc32, md4, md5, sha256","1 1 1 1 1",17808.19606781,0.050880560193743,95,4
"crc32, md4, md5, sha3-224","1 1 1 1 1",15399.087905884,0.043997394016811,95,4
"crc32, md4, md5, sha512","1 1 1 1 1",19364.284992218,0.055326528549194,95,4
"crc32, md4, sha1, sha256","1 1 1 1 1",17674.738407135,0.050499252591814,95,4
"crc32, md4, sha1, sha3-224","1 1 1 1 1",15474.157094955,0.044211877414158,95,4
"crc32, md4, sha1, sha512","1 1 1 1 1",19431.484222412,0.055518526349749,95,4
"crc32, md4, sha256, sha3-224","1 1 1 1 1",19530.586481094,0.05580167566027,95,4
"crc32, md4, sha256, sha512","1 1 1 1 1",23486.350536346,0.067103858675276,95,4
"crc32, md4, sha3-224, sha512","1 1 1 1 1",21300.444841385,0.060858413832528,95,4
"crc32, md5, sha1, sha256","1 1 1 1 1",19118.147850037,0.054623279571533,95,4
"crc32, md5, sha1, sha3-224","1 1 1 1 1",16589.403867722,0.047398296764919,95,4
"crc32, md5, sha1, sha512","1 1 1 1 1",19910.452842712,0.056887008122035,95,4
"crc32, md5, sha256, sha3-224","1 1 1 1 1",20224.16138649,0.057783318247114,95,4
"crc32, md5, sha256, sha512","1 1 1 1 1",23770.892620087,0.06791683605739,95,4
"crc32, md5, sha3-224, sha512","1 1 1 1 1",21540.914058685,0.061545468739101,95,4
"crc32, sha1, sha256, sha3-224","1 1 1 1 1",20285.557985306,0.057958737100874,95,4
"crc32, sha1, sha256, sha512","1 1 1 1 1",24243.924856186,0.06926835673196,95,4
"crc32, sha1, sha3-224, sha512","1 1 1 1 1",21990.779876709,0.06283079964774,95,4
"crc32, sha256, sha3-224, sha512","1 1 1 1 1",26155.522823334,0.074730065209525,95,4
"md4, md5, sha1, sha256","1 1 1 1 1",18798.489570618,0.053709970201765,95,4
"md4, md5, sha1, sha3-224","1 1 1 1 1",17701.008796692,0.050574310847691,95,4
"md4, md5, sha1, sha512","1 1 1 1 1",20611.712932587,0.058890608378819,95,4
"md4, md5, sha256, sha3-224","1 1 1 1 1",20863.509893417,0.059610028266907,95,4
"md4, md5, sha256, sha512","1 1 1 1 1",24831.217765808,0.070946336473737,95,4
"md4, md5, sha3-224, sha512","1 1 1 1 1",22523.951768875,0.064354147911072,95,4
"md4, sha1, sha256, sha3-224","1 1 1 1 1",21043.917179108,0.060125477654593,95,4
"md4, sha1, sha256, sha512","1 1 1 1 1",24841.326713562,0.070975219181606,95,4
"md4, sha1, sha3-224, sha512","1 1 1 1 1",22623.559236526,0.06463874067579,95,4
"md4, sha256, sha3-224, sha512","1 1 1 1 1",26663.573265076,0.076181637900216,95,4
"md5, sha1, sha256, sha3-224","1 1 1 1 1",20998.332977295,0.059995237077985,95,4
"md5, sha1, sha256, sha512","1 1 1 1 1",25035.000085831,0.071528571673802,95,4
"md5, sha1, sha3-224, sha512","1 1 1 1 1",23494.226694107,0.067126361983163,95,4
"md5, sha256, sha3-224, sha512","1 1 1 1 1",27061.789035797,0.077319397245135,95,4
"sha1, sha256, sha3-224, sha512","1 1 1 1 1",26971.661329269,0.077061889512198,95,4
